Date,Track,Race Number,Horse,Barrier,Jockey,Trainer,SP,Finish Position,Race Distance,Class,Track Condition,Weather,Total Runners
2025-02-25,TAREE,1,PRINCE KURO,1,MATTHEW MCGUREN,Kim Waugh,2.4,1.0,1000,MDN,GOOD4,OCAST,8
2025-02-25,TAREE,1,CRAZY MIKKI,3,LEANNE BOYD,Tony Ball,5.0,2.0,1000,MDN,GOOD4,OCAST,8
2025-02-25,TAREE,1,BONJOUR MADAME,6,LUKE ROLLS,Mark Minervini,2.9,3.0,1000,MDN,GOOD4,OCAST,8
2025-02-25,TAREE,1,FLEETLY,8,MIKAYLA WEIR,Lou Mary,5.5,,1000,MDN,GOOD4,OCAST,8
2025-02-25,TAREE,1,MEGANHEW,4,DONOVAN DILLON,Ben Blay,34.0,,1000,MDN,GOOD4,OCAST,8
2025-02-25,TAREE,1,MIA FIGLIA,3,ANDREW GIBBONS,Robert Agnew,34.0,,1000,MDN,GOOD4,OCAST,8
2025-02-25,TAREE,1,SHE'S A WILD ONE,2,BEN LOOKER,Colt Prosser,11.0,,1000,MDN,GOOD4,OCAST,8
2025-02-25,TAREE,1,SIGSALY,5,MADELINE OWEN,Wayne Wilkes,9.5,4.0,1000,MDN,GOOD4,OCAST,8
2025-02-25,TAREE,2,CIRCUS MAXIMUS,3,AARON BULLOCK,Kris Lees,11.0,,1250,MDN,GOOD4,OCAST,9
2025-02-25,TAREE,2,DONCASTER AVENUE,5,LUKE ROLLS,Joel Wilkes,19.0,4.0,1250,MDN,GOOD4,OCAST,9
2025-02-25,TAREE,2,UNCLE MOONLIGHT,6,MITCH STAPLEFORD,Wayne Wilkes,9.5,1.0,1250,MDN,GOOD4,OCAST,9
2025-02-25,TAREE,2,SHUTTER,9,DONOVAN DILLON,Lou Mary,8.0,,1250,MDN,GOOD4,OCAST,9
2025-02-25,TAREE,2,STAR VENTURE,2,ANDREW GIBBONS,Kris Lees,1.28,2.0,1250,MDN,GOOD4,OCAST,9
2025-02-25,TAREE,2,BYE GONE DAZE,1,BENJAMIN OSMOND,Kris Lees,18.0,,1250,MDN,GOOD4,OCAST,9
2025-02-25,TAREE,2,CRY TO ME,6,NOT NOTIFIED,Annette Lee,0.0,,1250,MDN,GOOD4,OCAST,9
2025-02-25,TAREE,2,JOCUND,4,BEN LOOKER,Scott Aspery,16.0,3.0,1250,MDN,GOOD4,OCAST,9
2025-02-25,TAREE,2,MASTER'N'COMMANDER,2,NOT NOTIFIED,John Bannister,5.5,,1250,MDN,GOOD4,OCAST,9
2025-02-25,TAREE,3,SINGLE IMPACT,2,JACK BAKER,Wendy Platts,151.0,,1400,MDN,GOOD4,OCAST,10
2025-02-25,TAREE,3,SUPERERO,7,AARON BULLOCK,Jeff Kehoe,151.0,,1400,MDN,GOOD4,OCAST,10
2025-02-25,TAREE,3,KING JERRY,3,MITCH STAPLEFORD,Joel Wilkes,3.0,2.0,1400,MDN,GOOD4,OCAST,10
2025-02-25,TAREE,3,SCATTERING,4,SIENA GRIMA,Tony Ball,4.6,,1400,MDN,GOOD4,OCAST,10
2025-02-25,TAREE,3,TAKE A BREAK,1,MATTHEW MCGUREN,Tony Ball,9.0,,1400,MDN,GOOD4,OCAST,10
2025-02-25,TAREE,3,FASTNET WARRIOR,10,MIKAYLA WEIR,Wayne Wilkes,11.0,3.0,1400,MDN,GOOD4,OCAST,10
2025-02-25,TAREE,3,MAGIC SHANNON,8,KACIE ADAMS,Tom Higgins,4.4,1.0,1400,MDN,GOOD4,OCAST,10
2025-02-25,TAREE,3,COOLRIVER FERGIE,5,LUKE ROLLS,Joseph Burges,81.0,,1400,MDN,GOOD4,OCAST,10
2025-02-25,TAREE,3,HVARDANCE,9,DONOVAN DILLON,Todd Howlett,11.0,4.0,1400,MDN,GOOD4,OCAST,10
2025-02-25,TAREE,3,TEMPLE BELLS,6,TEIGHAN WORSNOP,Colin Hughes,10.0,,1400,MDN,GOOD4,OCAST,10
2025-02-25,TAREE,4,SHE'S GOT TEETH,2,AARON BULLOCK,Kris Lees,1.7,,2000,BM58,GOOD4,OCAST,9
2025-02-25,TAREE,4,ARTELIMAR,1,SERG LISNYY,Carlos Antonio,7.0,,2000,BM58,GOOD4,OCAST,9
2025-02-25,TAREE,4,MY SONNY'S FAITH,4,BEN LOOKER,Grant Prosser,8.5,2.0,2000,BM58,GOOD4,OCAST,9
2025-02-25,TAREE,4,BOLD ROUGE,3,SHANNEN LLEWELLYN,Damien Lane,5.0,,2000,BM58,GOOD4,OCAST,9
2025-02-25,TAREE,4,MARITIME MAN,7,LEANNE BOYD,Matthew Robinson,51.0,4.0,2000,BM58,GOOD4,OCAST,9
2025-02-25,TAREE,4,COWGIRL LILLY,8,NOT NOTIFIED,Samantha McGuren,10.0,,2000,BM58,GOOD4,OCAST,9
2025-02-25,TAREE,4,GOLD SOMETHING,6,JEFF KEHOE,Margaret De Gonneville,34.0,,2000,BM58,GOOD4,OCAST,9
2025-02-25,TAREE,4,STRATUM CHIEF,5,KACIE ADAMS,Tom Higgins,11.0,1.0,2000,BM58,GOOD4,OCAST,9
2025-02-25,TAREE,4,SHAMIC,8,ANDREW GIBBONS,Todd Howlett,71.0,3.0,2000,BM58,GOOD4,OCAST,9
2025-02-25,TAREE,5,TOY STORY,3,LEANNE BOYD,Tony Ball,3.2,,1400,BM58,GOOD4,OCAST,17
2025-02-25,TAREE,5,DAMASCUS GATE,9,SERG LISNYY,Carlos Antonio,31.0,,1400,BM58,GOOD4,OCAST,17
2025-02-25,TAREE,5,HIGHLY TEMPTED,10,SIENA GRIMA,Tony Ball,6.5,2.0,1400,BM58,GOOD4,OCAST,17
2025-02-25,TAREE,5,TSUNODA,6,AARON BULLOCK,Marc Quinn,4.6,3.0,1400,BM58,GOOD4,OCAST,17
2025-02-25,TAREE,5,TIME RULER,11,SHANNEN LLEWELLYN,Carlos Antonio,8.0,,1400,BM58,GOOD4,OCAST,17
2025-02-25,TAREE,5,WANDJAD,8,ANDREW GIBBONS,Wayne Wilkes,4.8,1.0,1400,BM58,GOOD4,OCAST,17
2025-02-25,TAREE,5,SEETHING CHUCK,13,NOT NOTIFIED,Karen Owen,31.0,,1400,BM58,GOOD4,OCAST,17
2025-02-25,TAREE,5,SHOOT THE DIVA,12,LUKE ROLLS,Fleur Blanch,26.0,,1400,BM58,GOOD4,OCAST,17
2025-02-25,TAREE,5,THE FAVORITE SON,4,MATTHEW MCGUREN,Ben Blay,15.0,4.0,1400,BM58,GOOD4,OCAST,17
2025-02-25,TAREE,5,REBEL ONE,5,BEN LOOKER,Matthew Robinson,26.0,,1400,BM58,GOOD4,OCAST,17
2025-02-25,TAREE,5,INTOXICATION,9,NOT NOTIFIED,Joseph Burges,0.0,,1400,BM58,GOOD4,OCAST,17
2025-02-25,TAREE,5,ENTHRALLED,14,LIAM BLANCH,Carlos Antonio,151.0,,1400,BM58,GOOD4,OCAST,17
2025-02-25,TAREE,5,SKATES ON,1,MIKAYLA WEIR,Colt Prosser,34.0,,1400,BM58,GOOD4,OCAST,17
2025-02-25,TAREE,5,BELLABATOOTA,2,TEIGHAN WORSNOP,Hilary Dew,101.0,,1400,BM58,GOOD4,OCAST,17
2025-02-25,TAREE,5,PONGOLA,7,JACK BAKER,Hilary Dew,151.0,,1400,BM58,GOOD4,OCAST,17
2025-02-25,TAREE,5,TABLET,13,KACIE ADAMS,Stuart Phegan,101.0,,1400,BM58,GOOD4,OCAST,17
2025-02-25,TAREE,5,GOLDEN BREEZE,11,NOT NOTIFIED,Margaret De Gonneville,1.01,,1400,BM58,GOOD4,OCAST,17
2025-02-25,TAREE,6,LADY SOAMES,3,ANDREW GIBBONS,Kris Lees,19.0,,1250,BM66,GOOD4,OCAST,14
2025-02-25,TAREE,6,ENSIGN PARKER,10,MIKAYLA WEIR,Todd Howlett,3.0,,1250,BM66,GOOD4,OCAST,14
2025-02-25,TAREE,6,ISLAND LEGEND,4,JACK BAKER,Nikki Hodgson,11.0,,1250,BM66,GOOD4,OCAST,14
2025-02-25,TAREE,6,SILVER HALO,13,MITCH STAPLEFORD,Lou Mary,9.5,,1250,BM66,GOOD4,OCAST,14
2025-02-25,TAREE,6,TOOMUCHINFORMATION,6,AARON BULLOCK,Joseph Burges,7.0,,1250,BM66,GOOD4,OCAST,14
2025-02-25,TAREE,6,KING LARRY,14,NOT NOTIFIED,Wayne Wilkes,0.0,,1250,BM66,GOOD4,OCAST,14
2025-02-25,TAREE,6,GOLDEN HONOUR,5,TEIGHAN WORSNOP,Glen Milligan,21.0,2.0,1250,BM66,GOOD4,OCAST,14
2025-02-25,TAREE,6,MOSGIEL DAISY,11,BEN LOOKER,Matthew Robinson,14.0,3.0,1250,BM66,GOOD4,OCAST,14
2025-02-25,TAREE,6,ORSUM,2,LEANNE BOYD,Trent Potts,6.5,4.0,1250,BM66,GOOD4,OCAST,14
2025-02-25,TAREE,6,CALIDO MAGIC,12,MADELINE OWEN,Karen Owen,7.0,,1250,BM66,GOOD4,OCAST,14
2025-02-25,TAREE,6,DRAMA DODGER,8,BENJAMIN OSMOND,Kristen Buchanan,10.0,,1250,BM66,GOOD4,OCAST,14
2025-02-25,TAREE,6,MISCHIEVOUS MOLLY,1,MITCH STAPLEFORD,Wayne Wilkes,5.0,1.0,1250,BM66,GOOD4,OCAST,14
2025-02-25,TAREE,6,BADBOY MCCOY,7,SHANNEN LLEWELLYN,Jan Bowen,51.0,,1250,BM66,GOOD4,OCAST,14
2025-02-25,TAREE,6,LORD AKOMEED,9,SIENA GRIMA,Neil Godbolt,61.0,,1250,BM66,GOOD4,OCAST,14
2025-02-25,TAREE,7,OCTOBER REVOLUTION,4,MADELINE OWEN,Neil Godbolt,16.0,,1000,BM66,GOOD4,OCAST,13
2025-02-25,TAREE,7,RARE BEAUTY,1,JACK BAKER,Nikki Hodgson,23.0,,1000,BM66,GOOD4,OCAST,13
2025-02-25,TAREE,7,DIS IS HEAVEN,5,LUKE ROLLS,Colt Prosser,5.5,3.0,1000,BM66,GOOD4,OCAST,13
2025-02-25,TAREE,7,ADAMDEEANT,3,JETT NEWMAN,Tony Ball,23.0,,1000,BM66,GOOD4,OCAST,13
2025-02-25,TAREE,7,PEARLS TREASURE,1,MIKAYLA WEIR,Paul Perry,0.0,,1000,BM66,GOOD4,OCAST,13
2025-02-25,TAREE,7,IN SPADES,11,AARON BULLOCK,Justin Bowen,6.5,1.0,1000,BM66,GOOD4,OCAST,13
2025-02-25,TAREE,7,KING LARRY,9,TEIGHAN WORSNOP,Wayne Wilkes,2.4,2.0,1000,BM66,GOOD4,OCAST,13
2025-02-25,TAREE,7,SINGING STAR,7,NOT NOTIFIED,Damien Lane,14.0,,1000,BM66,GOOD4,OCAST,13
2025-02-25,TAREE,7,LA PELAGO,6,SHANNEN LLEWELLYN,Damien Lane,3.8,,1000,BM66,GOOD4,OCAST,13
2025-02-25,TAREE,7,PARMENIO,10,LIAM BLANCH,Carlos Antonio,26.0,,1000,BM66,GOOD4,OCAST,13
2025-02-25,TAREE,7,ZOOM OUTCOME,8,SIENA GRIMA,Joseph Burges,71.0,4.0,1000,BM66,GOOD4,OCAST,13
2025-02-25,TAREE,7,BLACK ALEXANDRA,2,SERG LISNYY,Carlos Antonio,51.0,,1000,BM66,GOOD4,OCAST,13
2025-02-25,TAREE,7,GODELBA,7,BENJAMIN OSMOND,David Atkins,126.0,,1000,BM66,GOOD4,OCAST,13
2025-02-25,KEMBLA GRANGE,1,MISSION GOLD,6,TYLER SCHILLER,Joseph Pride,5.5,2.0,1000,MDN,GOOD4,OCAST,8
2025-02-25,KEMBLA GRANGE,1,PRINCE KURO,7,KEAGAN LATHAM,Kim Waugh,12.0,,1000,MDN,GOOD4,OCAST,8
2025-02-25,KEMBLA GRANGE,1,CALIFORNIA COMMAND,2,KERRIN MCEVOY,Peter Snowden,11.0,4.0,1000,MDN,GOOD4,OCAST,8
2025-02-25,KEMBLA GRANGE,1,BE QUIET,1,ALYSHA COLLETT,Joseph Pride,2.7,1.0,1000,MDN,GOOD4,OCAST,8
2025-02-25,KEMBLA GRANGE,1,THAIBEEFSALADE,6,CHAD LEVER,Ross McConville,26.0,,1000,MDN,GOOD4,OCAST,8
2025-02-25,KEMBLA GRANGE,1,MIA BALLERINA,4,ZAC LLOYD,Chris Waller,2.9,3.0,1000,MDN,GOOD4,OCAST,8
2025-02-25,KEMBLA GRANGE,1,STILL EXCITED,3,JASON COLLETT,David Pfieffer,6.0,,1000,MDN,GOOD4,OCAST,8
2025-02-25,KEMBLA GRANGE,1,TOO MANY KISSES,5,JAY FORD,Jason Coyle,23.0,,1000,MDN,GOOD4,OCAST,8
2025-02-25,KEMBLA GRANGE,2,INVADE AND CONQUER,6,MADISON WATERS,Robert & Luke Price,6.0,,1000,CL1,GOOD4,OCAST,8
2025-02-25,KEMBLA GRANGE,2,TURF FEVER,8,MOLLIE FITZGERALD,Damien Lane,4.2,,1000,CL1,GOOD4,OCAST,8
2025-02-25,KEMBLA GRANGE,2,GHIELMI,3,GRANT BUCKLEY,Mitchell Beer,14.0,3.0,1000,CL1,GOOD4,OCAST,8
2025-02-25,KEMBLA GRANGE,2,BREMEL,5,ASHLEY MORGAN,Gregory McFarlane,1.65,1.0,1000,CL1,GOOD4,OCAST,8
2025-02-25,KEMBLA GRANGE,2,FIREWORK,1,REECE JONES,Sara Ryan,2.6,4.0,1000,CL1,GOOD4,OCAST,8
2025-02-25,KEMBLA GRANGE,2,LISTINS LASS,6,ALYSHA COLLETT,John Cooper,5.5,,1000,CL1,GOOD4,OCAST,8
2025-02-25,KEMBLA GRANGE,2,BURROWA,4,KEAGAN LATHAM,Robert & Luke Price,31.0,2.0,1000,CL1,GOOD4,OCAST,8
2025-02-25,KEMBLA GRANGE,2,DOUBLE RAINBOW,2,JAY FORD,Kerry Parker,16.0,,1000,CL1,GOOD4,OCAST,8
2025-02-25,KEMBLA GRANGE,3,COLOPHON,1,REGAN BAYLISS,Michael Freedman,2.6,2.0,1200,CL1,GOOD4,OCAST,10
2025-02-25,KEMBLA GRANGE,3,INVADE AND CONQUER,4,KEAGAN LATHAM,Robert & Luke Price,3.3,3.0,1200,CL1,GOOD4,OCAST,10
2025-02-25,KEMBLA GRANGE,3,ISTOLEA MERC,8,ASHLEY MORGAN,Bjorn Baker,4.6,,1200,CL1,GOOD4,OCAST,10
2025-02-25,KEMBLA GRANGE,3,BOOMTOWN CHAT,5,ZAC LLOYD,John Thompson,7.5,4.0,1200,CL1,GOOD4,OCAST,10
2025-02-25,KEMBLA GRANGE,3,EMILIA JANE,2,JAY FORD,Joseph Pride,4.6,,1200,CL1,GOOD4,OCAST,10
2025-02-25,KEMBLA GRANGE,3,DUCK EGG BLUE,3,ANDREW ADKINS,Richard & Will Freedman,8.5,1.0,1200,CL1,GOOD4,OCAST,10
2025-02-25,KEMBLA GRANGE,3,LISTINS LASS,2,GRANT BUCKLEY,John Cooper,9.0,,1200,CL1,GOOD4,OCAST,10
2025-02-25,KEMBLA GRANGE,3,BURROWA,10,NOT NOTIFIED,Robert & Luke Price,0.0,,1200,CL1,GOOD4,OCAST,10
2025-02-25,KEMBLA GRANGE,3,TOMMY'S GIRL,6,NOT NOTIFIED,Angus Stewart,34.0,,1200,CL1,GOOD4,OCAST,10
2025-02-25,KEMBLA GRANGE,3,GEEWIZ JOHNNY,6,NOT NOTIFIED,Gregory McFarlane,41.0,,1200,CL1,GOOD4,OCAST,10
2025-02-25,KEMBLA GRANGE,4,FRONTEX,3,JAY FORD,"Michael, John & Wayne Hawkes",,3.0,1300,MDN,GOOD4,OCAST,11
2025-02-25,KEMBLA GRANGE,4,LEGRIS,4,NOT NOTIFIED,Tara & Philippe Vigouroux,,,1300,MDN,GOOD4,OCAST,11
2025-02-25,KEMBLA GRANGE,4,NOT A WORRY,1,ALYSHA COLLETT,John Thompson,,,1300,MDN,GOOD4,OCAST,11
2025-02-25,KEMBLA GRANGE,4,SAUCITO,2,JASON COLLETT,Chris Waller,,,1300,MDN,GOOD4,OCAST,11
2025-02-25,KEMBLA GRANGE,4,SHERIFF'S STAR,11,ADAM HYERONIMUS,Richard & Will Freedman,,,1300,MDN,GOOD4,OCAST,11
2025-02-25,KEMBLA GRANGE,4,WA WA WA,10,TYLER SCHILLER,Chris Waller,,,1300,MDN,GOOD4,OCAST,11
2025-02-25,KEMBLA GRANGE,4,ALL EYES ON HER,4,ZAC LLOYD,Chris Waller,,,1300,MDN,GOOD4,OCAST,11
2025-02-25,KEMBLA GRANGE,4,AMREEKIYAH,6,BRAITH NOCK,Peter Snowden,,1.0,1300,MDN,GOOD4,OCAST,11
2025-02-25,KEMBLA GRANGE,4,ELLA HAZEL,8,JOSHUA PARR,Richard Litt,,4.0,1300,MDN,GOOD4,OCAST,11
2025-02-25,KEMBLA GRANGE,4,INEVITABLE TRUTH,5,MOLLY BOURKE,John Sargent,,2.0,1300,MDN,GOOD4,OCAST,11
2025-02-25,KEMBLA GRANGE,4,PEAR BELLINI,7,KERRIN MCEVOY,Chris Waller,,,1300,MDN,GOOD4,OCAST,11
2025-02-25,KEMBLA GRANGE,5,EYESPY THE EAGLE,9,LOUIS BEUZELIN,John Thompson,10.0,,1500,MDN,GOOD4,OCAST,11
2025-02-25,KEMBLA GRANGE,5,GALLANT RUSH,4,KEAGAN LATHAM,David Payne,13.0,,1500,MDN,GOOD4,OCAST,11
2025-02-25,KEMBLA GRANGE,5,THAT'S OUTSTANDING,8,ALYSHA COLLETT,Gary Portelli,3.9,4.0,1500,MDN,GOOD4,OCAST,11
2025-02-25,KEMBLA GRANGE,5,CALL ME SON,9,JASON COLLETT,David Pfieffer,8.5,,1500,MDN,GOOD4,OCAST,11
2025-02-25,KEMBLA GRANGE,5,AUDENZIA,6,JAY FORD,Kerry Parker,4.4,2.0,1500,MDN,GOOD4,OCAST,11
2025-02-25,KEMBLA GRANGE,5,TRIPLE TRIPLE,3,LOUISE DAY,David Payne,34.0,,1500,MDN,GOOD4,OCAST,11
2025-02-25,KEMBLA GRANGE,5,ALWAYS RIGHT,5,ANDREW CALDER,Paul & Martha Cave,126.0,,1500,MDN,GOOD4,OCAST,11
2025-02-25,KEMBLA GRANGE,5,MONTIGO BAY,2,CHAD LEVER,Ross McConville,3.1,1.0,1500,MDN,GOOD4,OCAST,11
2025-02-25,KEMBLA GRANGE,5,CASABLANCA EXPRESS,7,TYLER SCHILLER,David Payne,10.0,3.0,1500,MDN,GOOD4,OCAST,11
2025-02-25,KEMBLA GRANGE,5,CHAMP DE FLEURS,6,NOT NOTIFIED,Theresa Bateup,26.0,,1500,MDN,GOOD4,OCAST,11
2025-02-25,KEMBLA GRANGE,5,LOVIN' HARRY,1,ANDREW ADKINS,Richard & Will Freedman,13.0,,1500,MDN,GOOD4,OCAST,11
2025-02-25,KEMBLA GRANGE,6,RUMBLING NIGHT,2,TIM CLARK,Gai Waterhouse & Adrian Bott,3.3,,1500,CL1,GOOD4,OCAST,11
2025-02-25,KEMBLA GRANGE,6,HARDPOINT,8,ZAC WADICK,Brad Widdup,9.0,2.0,1500,CL1,GOOD4,OCAST,11
2025-02-25,KEMBLA GRANGE,6,JUST IN TIME,7,ZAC LLOYD,Ciaron Maher,6.0,4.0,1500,CL1,GOOD4,OCAST,11
2025-02-25,KEMBLA GRANGE,6,FULL METAL JACKET,1,TYLER SCHILLER,Gary Portelli,4.6,1.0,1500,CL1,GOOD4,OCAST,11
2025-02-25,KEMBLA GRANGE,6,EXCLUSIVE ARTIST,4,MOLLIE FITZGERALD,Annabel Neasham & Rob Archibald,5.5,3.0,1500,CL1,GOOD4,OCAST,11
2025-02-25,KEMBLA GRANGE,6,HORIZONS,11,KERRIN MCEVOY,Richard & Will Freedman,5.0,,1500,CL1,GOOD4,OCAST,11
2025-02-25,KEMBLA GRANGE,6,DIVINE ELLA,3,BRAITH NOCK,Paul Murray,7.0,,1500,CL1,GOOD4,OCAST,11
2025-02-25,KEMBLA GRANGE,6,GRACEFUL ARTIST,10,JAY FORD,Richard & Will Freedman,0.0,,1500,CL1,GOOD4,OCAST,11
2025-02-25,KEMBLA GRANGE,6,TAKE YOU THERE,6,JASON COLLETT,Kerry Parker,12.0,,1500,CL1,GOOD4,OCAST,11
2025-02-25,KEMBLA GRANGE,6,GOOD ONCE,3,OLIVIA CHAMBERS,John Steinmetz,71.0,,1500,CL1,GOOD4,OCAST,11
2025-02-25,KEMBLA GRANGE,6,AMIGOS NO MORE,5,CHAD LEVER,Ross McConville,126.0,,1500,CL1,GOOD4,OCAST,11
2025-02-25,KEMBLA GRANGE,7,C'MON MATE,8,MOLLIE FITZGERALD,Ross McConville,4.8,,1300,BM68,GOOD4,OCAST,15
2025-02-25,KEMBLA GRANGE,7,THIS IS THE MOMENT,3,NOT NOTIFIED,Mitchell Beer,16.0,,1300,BM68,GOOD4,OCAST,15
2025-02-25,KEMBLA GRANGE,7,ARTFUL PERSUASION,5,GRANT BUCKLEY,Mitchell Beer,4.8,,1300,BM68,GOOD4,OCAST,15
2025-02-25,KEMBLA GRANGE,7,TURNED DOWN,9,OLIVIA CHAMBERS,Dean Mirfin,7.5,,1300,BM68,GOOD4,OCAST,15
2025-02-25,KEMBLA GRANGE,7,AUNTY RENE,9,ANDREW ADKINS,John O'Shea & Tom Charlton,6.0,,1300,BM68,GOOD4,OCAST,15
2025-02-25,KEMBLA GRANGE,7,HAPPY SATURDAY,10,JAY FORD,Kerry Parker,13.0,,1300,BM68,GOOD4,OCAST,15
2025-02-25,KEMBLA GRANGE,7,HEADSTOCK,7,TYLER SCHILLER,Robert & Luke Price,14.0,3.0,1300,BM68,GOOD4,OCAST,15
2025-02-25,KEMBLA GRANGE,7,SALONIUS,14,ZAC WADICK,Mitchell Beer,19.0,,1300,BM68,GOOD4,OCAST,15
2025-02-25,KEMBLA GRANGE,7,CHESTER WARRIOR,1,JESS TAYLOR,Jarrod Austin,34.0,,1300,BM68,GOOD4,OCAST,15
2025-02-25,KEMBLA GRANGE,7,INVASIVE DREAMS,8,NOT NOTIFIED,Kristen Buchanan,4.2,,1300,BM68,GOOD4,OCAST,15
2025-02-25,KEMBLA GRANGE,7,STURN WORDS,4,CLAIRE RAMSBOTHAM,"Barbara Joseph, Paul & Matt Jones",5.5,,1300,BM68,GOOD4,OCAST,15
2025-02-25,KEMBLA GRANGE,7,SHOT OUT,2,MOLLY BOURKE,Jim & Greg Lee,14.0,2.0,1300,BM68,GOOD4,OCAST,15
2025-02-25,KEMBLA GRANGE,7,PROUD IMAGE,6,ANDREW ADKINS,Jason Coyle,19.0,4.0,1300,BM68,GOOD4,OCAST,15
2025-02-25,KEMBLA GRANGE,7,DEVINE OUTCAST,11,TOM SHERRY,Robert & Luke Price,8.5,,1300,BM68,GOOD4,OCAST,15
2025-02-25,KEMBLA GRANGE,7,SIZZLER,3,CHAD LEVER,Craig Carmody,14.0,1.0,1300,BM68,GOOD4,OCAST,15
2025-02-25,SALE,1,JUST LANDED,3,CRAIG NEWITT,Cindy Alderson,34.0,,1623,3YO+ MDN,GOOD4,FINE,9
2025-02-25,SALE,1,MICKIDAMUZZ,4,JOE BOWDITCH,Patrick Keane,15.0,4.0,1623,3YO+ MDN,GOOD4,FINE,9
2025-02-25,SALE,1,NUNNIONG,8,KOBY JENNINGS,Andrew Perdon,10.0,,1623,3YO+ MDN,GOOD4,FINE,9
2025-02-25,SALE,1,ALPINE JACK,3,CARLEEN HEFEL,Paul Worthington,81.0,,1623,3YO+ MDN,GOOD4,FINE,9
2025-02-25,SALE,1,PRINCE OF YULUNGAH,5,NATHAN PUNCH,Michael Templeton,51.0,,1623,3YO+ MDN,GOOD4,FINE,9
2025-02-25,SALE,1,SURAT DISTRICT,6,LIAM RIORDAN,Trent Busuttin & Natalie Young,41.0,,1623,3YO+ MDN,GOOD4,FINE,9
2025-02-25,SALE,1,CHA CHA CHANGES,7,JYE MCNEIL,"Ben, Will & JD Hayes",3.6,3.0,1623,3YO+ MDN,GOOD4,FINE,9
2025-02-25,SALE,1,HEY BELLA,2,JAMIE MOTT,Luke Oliver,1.6,1.0,1623,3YO+ MDN,GOOD4,FINE,9
2025-02-25,SALE,1,BON FETE,1,ZAC SPAIN,Jason Warren,6.0,2.0,1623,3YO+ MDN,GOOD4,FINE,9
2025-02-25,SALE,2,ACT NATURAL,11,DANIEL STACKHOUSE,Phillip Stokes,2.5,2.0,1210,3YO MDN,GOOD4,FINE,14
2025-02-25,SALE,2,ALBANIAN BEAUTY,7,SAGE DURIC,Ernie Francese,151.0,,1210,3YO MDN,GOOD4,FINE,14
2025-02-25,SALE,2,BISMARCK,3,JORDAN CHILDS,Michael Moroney & Glen Thompson,23.0,,1210,3YO MDN,GOOD4,FINE,14
2025-02-25,SALE,2,BRUCKHEIMER,1,THOMAS STOCKDALE,Ciaron Maher,8.0,,1210,3YO MDN,GOOD4,FINE,14
2025-02-25,SALE,2,CASPER,13,KOBY JENNINGS,Andrew Perdon,19.0,,1210,3YO MDN,GOOD4,FINE,14
2025-02-25,SALE,2,GAMBINO,2,ETHAN BROWN,Lloyd Kennewell & Lucy Yeomans,4.2,1.0,1210,3YO MDN,GOOD4,FINE,14
2025-02-25,SALE,2,HOPETOUN PARK,6,LOGAN BATES,Ray Besanko,151.0,,1210,3YO MDN,GOOD4,FINE,14
2025-02-25,SALE,2,LES BRAVES,8,LOGAN MCNEIL,Robbie Griffiths,21.0,,1210,3YO MDN,GOOD4,FINE,14
2025-02-25,SALE,2,STARS AND SPANGLES,10,JAMIE MOTT,Danny O'Brien,16.0,,1210,3YO MDN,GOOD4,FINE,14
2025-02-25,SALE,2,TOMMYESS,5,JYE MCNEIL,"Ben, Will & JD Hayes",8.0,3.0,1210,3YO MDN,GOOD4,FINE,14
2025-02-25,SALE,2,BAZABALL REWARDED,14,REMI TREMSAL,Kelvin Southey,9.5,,1210,3YO MDN,GOOD4,FINE,14
2025-02-25,SALE,2,ESTERNAY,12,MICHAEL DEE,Mark Walker,8.0,4.0,1210,3YO MDN,GOOD4,FINE,14
2025-02-25,SALE,2,REDALUCA GIRL,9,JOE BOWDITCH,Grahame Begg,41.0,,1210,3YO MDN,GOOD4,FINE,14
2025-02-25,SALE,2,TAMAM,4,SALLY WYNNE,Dianne Wynne,151.0,,1210,3YO MDN,GOOD4,FINE,14
2025-02-25,SALE,3,BRITISH POET,4,MICHAEL DEE,Reece Goodwin,6.5,1.0,1010,3YO+ MDN,GOOD4,FINE,12
2025-02-25,SALE,3,DESILOS,8,ZAC SPAIN,Logan McGill,151.0,,1010,3YO+ MDN,GOOD4,FINE,12
2025-02-25,SALE,3,FLYING MEAN,10,ADAM MCCABE,Clinton McDonald,2.0,3.0,1010,3YO+ MDN,GOOD4,FINE,12
2025-02-25,SALE,3,JUST ALF,11,CRAIG NEWITT,Bill Wood,21.0,,1010,3YO+ MDN,GOOD4,FINE,12
2025-02-25,SALE,3,LOYALTY REIGNS,8,LOGAN BATES,Trevor Rogers,10.0,,1010,3YO+ MDN,GOOD4,FINE,12
2025-02-25,SALE,3,SUITS,5,JYE MCNEIL,Logan McGill,81.0,,1010,3YO+ MDN,GOOD4,FINE,12
2025-02-25,SALE,3,FLOWER GALLERY,1,KOBY JENNINGS,Troy Kilgower,31.0,,1010,3YO+ MDN,GOOD4,FINE,12
2025-02-25,SALE,3,SHANTINO,3,JOE BOWDITCH,Susie Wells,151.0,,1010,3YO+ MDN,GOOD4,FINE,12
2025-02-25,SALE,3,WEIGHTLESS,2,NATHAN PUNCH,Michael Ryan,71.0,,1010,3YO+ MDN,GOOD4,FINE,12
2025-02-25,SALE,3,ELIZABASS,9,JAMIE MOTT,Gavin Bedggood,6.5,4.0,1010,3YO+ MDN,GOOD4,FINE,12
2025-02-25,SALE,3,FROMRUSSIAWITHLOVE,7,THOMAS STOCKDALE,Carly Thomas,51.0,,1010,3YO+ MDN,GOOD4,FINE,12
2025-02-25,SALE,3,SHE'S SPEEDY,6,PAUL GATT,Jerome Hunter,3.8,2.0,1010,3YO+ MDN,GOOD4,FINE,12
2025-02-25,SALE,4,NIC SAYS NO,4,NATHAN PUNCH,Troy Kilgower,34.0,,1423,3YO+ MDN,GOOD4,FINE,15
2025-02-25,SALE,4,OBSTRUCTIONIST,6,TEO NUGENT,Brent Butcher,21.0,,1423,3YO+ MDN,GOOD4,FINE,15
2025-02-25,SALE,4,RETRACTION,5,CARLEEN HEFEL,Monica Croston & Gerrad Gilmour,31.0,,1423,3YO+ MDN,GOOD4,FINE,15
2025-02-25,SALE,4,AL PRANCER,7,CRAIG NEWITT,Ken & Kasey Keys,2.3,2.0,1423,3YO+ MDN,GOOD4,FINE,15
2025-02-25,SALE,4,ANCHOR DOWN,6,FRED KERSLEY,Danny O'Brien,5.0,,1423,3YO+ MDN,GOOD4,FINE,15
2025-02-25,SALE,4,BOURTANGE,1,ETHAN BROWN,Cliff Brown,2.25,1.0,1423,3YO+ MDN,GOOD4,FINE,15
2025-02-25,SALE,4,FLAMBOYANT LAD,14,THOMAS STOCKDALE,Ciaron Maher,4.6,,1423,3YO+ MDN,GOOD4,FINE,15
2025-02-25,SALE,4,PARERA,15,ZAC SPAIN,Michael Mehegan,101.0,,1423,3YO+ MDN,GOOD4,FINE,15
2025-02-25,SALE,4,THE MEN WENT HOME,8,PAUL GATT,Jerome Hunter,7.0,3.0,1423,3YO+ MDN,GOOD4,FINE,15
2025-02-25,SALE,4,ZOUTHILA,3,ADAM MCCABE,Michael Huglin,101.0,,1423,3YO+ MDN,GOOD4,FINE,15
2025-02-25,SALE,4,AMBERINA,9,JOE BOWDITCH,Susie Wells,21.0,4.0,1423,3YO+ MDN,GOOD4,FINE,15
2025-02-25,SALE,4,SONECHKA,7,HANNAH EDGLEY,Charlotte Littlefield,1.01,,1423,3YO+ MDN,GOOD4,FINE,15
2025-02-25,SALE,4,DUN DOZEN,2,SALLY WYNNE,Christine Sexton,101.0,,1423,3YO+ MDN,GOOD4,FINE,15
2025-02-25,SALE,4,MONTGOMERY BAY,3,KOBY JENNINGS,Rebecca Kelly,81.0,,1423,3YO+ MDN,GOOD4,FINE,15
2025-02-25,SALE,4,MORI YOSHINARI,8,NOT NOTIFIED,Angela Bence,1.01,,1423,3YO+ MDN,GOOD4,FINE,15
2025-02-25,SALE,5,REAL SENSATION,1,BAILEY KINNINMONT,Luke Oliver,34.0,3.0,1423,3YO+ BM64,GOOD4,FINE,9
2025-02-25,SALE,5,GRAND SAGE,3,JOE BOWDITCH,Reg Manning,14.0,,1423,3YO+ BM64,GOOD4,FINE,9
2025-02-25,SALE,5,FLASHBANG,4,JAMIE MOTT,Trent Busuttin & Natalie Young,8.0,,1423,3YO+ BM64,GOOD4,FINE,9
2025-02-25,SALE,5,SUPERSET,2,JACKIE BERIMAN,Shawn Mathrick,5.0,2.0,1423,3YO+ BM64,GOOD4,FINE,9
2025-02-25,SALE,5,GRID GIRL,9,MICHAEL DEE,"Ben, Will & JD Hayes",3.0,,1423,3YO+ BM64,GOOD4,FINE,9
2025-02-25,SALE,5,DELIGHTFUL JOURNEY,7,TEO NUGENT,Christine Sexton,9.0,1.0,1423,3YO+ BM64,GOOD4,FINE,9
2025-02-25,SALE,5,DEVIL MAN,6,ZAC SPAIN,Danny O'Brien,15.0,,1423,3YO+ BM64,GOOD4,FINE,9
2025-02-25,SALE,5,SOMEBODYTOLOVE,5,STEPHANIE HATELEY,Grahame Begg,1.7,4.0,1423,3YO+ BM64,GOOD4,FINE,9
2025-02-25,SALE,5,KYOKUSHIN,8,SHERIDAN CLARKE,Sharyn Trolove,26.0,,1423,3YO+ BM64,GOOD4,FINE,9
2025-02-25,SALE,6,DREAMFLIGHT,4,SAGE DURIC,Mark Walker,11.0,,1740,BM64,GOOD4,FINE,11
2025-02-25,SALE,6,MARIOTA,3,TOM PREBBLE,Paul & Tracey Templeton,7.0,1.0,1740,BM64,GOOD4,FINE,11
2025-02-25,SALE,6,SUPER SOLAR,9,HANNAH EDGLEY,Reece Goodwin,5.5,2.0,1740,BM64,GOOD4,FINE,11
2025-02-25,SALE,6,QUEEN BEIRA,10,DAKOTAH KEANE,David & Coral Feek,4.8,,1740,BM64,GOOD4,FINE,11
2025-02-25,SALE,6,CABLE DE VEGA,1,LOGAN BATES,Michael Huglin,2.3,,1740,BM64,GOOD4,FINE,11
2025-02-25,SALE,6,TOLERANCE,6,BAILEY KINNINMONT,Alex Rae,17.0,,1740,BM64,GOOD4,FINE,11
2025-02-25,SALE,6,OUR EMMBAR,7,STEPHANIE HATELEY,Leon & Troy Corstens & Will Larkin,3.4,4.0,1740,BM64,GOOD4,FINE,11
2025-02-25,SALE,6,RIPPLEBROOK,8,SHERIDAN CLARKE,Sharyn Trolove,26.0,3.0,1740,BM64,GOOD4,FINE,11
2025-02-25,SALE,6,HALCYON EAST,5,TIANNI CHAPMAN,Troy Kilgower,151.0,,1740,BM64,GOOD4,FINE,11
2025-02-25,SALE,6,JENNI OF AVALON,2,NADIA DANIELS,Paul Worthington,151.0,,1740,BM64,GOOD4,FINE,11
2025-02-25,SALE,6,ANYTHING BUT,6,CHRISTOPHER PANG,Reg Manning,151.0,,1740,BM64,GOOD4,FINE,11
2025-02-25,SALE,7,PROVED,3,EMILY POZMAN,Enver Jusufovic,1.3,1.0,1010,BM64 FM,GOOD4,FINE,9
2025-02-25,SALE,7,FULLY CALCULATED,2,DAKOTAH KEANE,"Ben, Will & JD Hayes",7.0,2.0,1010,BM64 FM,GOOD4,FINE,9
2025-02-25,SALE,7,THE VICTRESS,8,SAGE DURIC,Mark Walker,34.0,,1010,BM64 FM,GOOD4,FINE,9
2025-02-25,SALE,7,DAELLA,2,ETHAN BROWN,Cliff Brown,3.4,,1010,BM64 FM,GOOD4,FINE,9
2025-02-25,SALE,7,ESPRIT SPIRIT,5,KOBY JENNINGS,Gareth Andrews,4.6,,1010,BM64 FM,GOOD4,FINE,9
2025-02-25,SALE,7,MARBILLA,4,ZAC SPAIN,Jason Warren,9.5,3.0,1010,BM64 FM,GOOD4,FINE,9
2025-02-25,SALE,7,KATIE EXPRESS,7,PAUL GATT,Troy Kilgower,81.0,,1010,BM64 FM,GOOD4,FINE,9
2025-02-25,SALE,7,TORNADO'S SISTER,6,STEPHANIE HATELEY,Robbie Griffiths,8.0,4.0,1010,BM64 FM,GOOD4,FINE,9
2025-02-25,SALE,7,ARROANCE,1,CHRISTOPHER PANG,Reg Manning,81.0,,1010,BM64 FM,GOOD4,FINE,9
2025-02-25,SALE,8,AKICITA,5,MICHAEL DEE,Robbie Griffiths,1.85,1.0,1210,3YO+ BM58,GOOD4,FINE,11
2025-02-25,SALE,8,RONS FINEST CHOICE,7,JYE MCNEIL,Cliff Brown,6.0,,1210,3YO+ BM58,GOOD4,FINE,11
2025-02-25,SALE,8,SOCIAL CONSCIENCE,8,JORDAN CHILDS,Craig Blackshaw,4.4,4.0,1210,3YO+ BM58,GOOD4,FINE,11
2025-02-25,SALE,8,KOKAKO,1,ETHAN BROWN,Lloyd Kennewell & Lucy Yeomans,2.3,,1210,3YO+ BM58,GOOD4,FINE,11
2025-02-25,SALE,8,MASTER OF CHANT,2,JOE BOWDITCH,Reg Manning,31.0,2.0,1210,3YO+ BM58,GOOD4,FINE,11
2025-02-25,SALE,8,THE DOLL,3,KOBY JENNINGS,Michael Huglin,10.0,3.0,1210,3YO+ BM58,GOOD4,FINE,11
2025-02-25,SALE,8,BABY HAZEL,11,JAMIE MOTT,Danny O'Brien,6.0,,1210,3YO+ BM58,GOOD4,FINE,11
2025-02-25,SALE,8,DREAMWRITER,6,LIAM RIORDAN,"Ben, Will & JD Hayes",9.5,,1210,3YO+ BM58,GOOD4,FINE,11
2025-02-25,SALE,8,TONARE,9,TIANNI CHAPMAN,Paul Kramer,61.0,,1210,3YO+ BM58,GOOD4,FINE,11
2025-02-25,SALE,8,HIGH FEROCITY,1,NATHAN PUNCH,Troy Kilgower,151.0,,1210,3YO+ BM58,GOOD4,FINE,11
2025-02-25,SALE,8,WUNAMBAL,4,SALLY WYNNE,Rob Gillahan,151.0,,1210,3YO+ BM58,GOOD4,FINE,11
2025-02-25,GAVEA,2,RENEWED HOPE,1,HENDERSON DOS SANT,LUIZ DE GONZAGA,1.6,1.0,1600,4YO+ ALW,FIRM,FINE,8
2025-02-25,GAVEA,2,GENERAL WAR,2,VAGNER BORGES,R,10.0,2.0,1600,4YO+ ALW,FIRM,FINE,8
2025-02-25,GAVEA,2,APOLLO DA LAGOA,3,VALDINEI ROCHA GIL,ADELCIO,8.0,,1600,4YO+ ALW,FIRM,FINE,8
2025-02-25,GAVEA,2,RIBBONINTHESKY,4,LUCAS DE PAULA SAN,VENANCIO,41.0,,1600,4YO+ ALW,FIRM,FINE,8
2025-02-25,GAVEA,2,BOB WILL,5,JORGE ANTONIO RICA,VICTOR,4.6,3.0,1600,4YO+ ALW,FIRM,FINE,8
2025-02-25,GAVEA,2,POLISH POWER,6,ADILTON FAGNER DA,OBERDAN,34.0,,1600,4YO+ ALW,FIRM,FINE,8
2025-02-25,GAVEA,2,PIGMALEAO,7,ANDERSON ALVES DE,ALVARO EMIGDIO,41.0,,1600,4YO+ ALW,FIRM,FINE,8
2025-02-25,GAVEA,2,OLYMPIC LAWYER,8,WILKLEY DE ASSIS X,FABRICIO TIEPPO,12.0,4.0,1600,4YO+ ALW,FIRM,FINE,8
2025-02-25,GAVEA,3,OPALINA,1,HENDERSON DOS SANT,JULIO CEZAR CASTRO,4.4,,1000,2YO MSW F,FIRM,FINE,7
2025-02-25,GAVEA,3,TUTIFRUTI,2,WESLEY MATHEUS CAR,JAIME MONIZ NETO,1.7,1.0,1000,2YO MSW F,FIRM,FINE,7
2025-02-25,GAVEA,3,OF THE WIND,3,ANDERSON ALVES DE,ROBERTO SOARES,41.0,,1000,2YO MSW F,FIRM,FINE,7
2025-02-25,GAVEA,3,OMAHA BEACH,4,GIOVANNI FERREIRA,FABRICIO TIEPPO,4.0,2.0,1000,2YO MSW F,FIRM,FINE,7
2025-02-25,GAVEA,3,ORQUESTRA BIANCA,5,JOSE DA SILVA APAR,LEONARDO JOSE,9.0,4.0,1000,2YO MSW F,FIRM,FINE,7
2025-02-25,GAVEA,3,NELLY KELLY,6,FRANCISCO IGO ALVE,IGOR DO CANTO,51.0,,1000,2YO MSW F,FIRM,FINE,7
2025-02-25,GAVEA,3,ONIRIS ROYAL,7,ANGELO MARCIO DE S,LEONARDO JOSE,41.0,3.0,1000,2YO MSW F,FIRM,FINE,7
2025-02-25,GAVEA,4,ORVIETO,1,HENDERSON DOS SANT,JULIO CEZAR CASTRO,2.8,,1000,2YO MSW,FIRM,FINE,8
2025-02-25,GAVEA,4,ADMIRAL SPEED,2,JOSE DA SILVA APAR,LEONARDO JOSE,7.5,2.0,1000,2YO MSW,FIRM,FINE,8
2025-02-25,GAVEA,4,XAXAU,3,ANTONIO GOMES QUEI,BRUNO ESTAITTE,18.0,,1000,2YO MSW,FIRM,FINE,8
2025-02-25,GAVEA,4,TOTAL MAGIC,4,WILKLEY DE ASSIS X,LUIZ DE GONZAGA,4.2,1.0,1000,2YO MSW,FIRM,FINE,8
2025-02-25,GAVEA,4,TUSKER,5,VAGNER BORGES,LUIZ DE GONZAGA,3.0,,1000,2YO MSW,FIRM,FINE,8
2025-02-25,GAVEA,4,NORTH SHORE,6,VALDINEI ROCHA GIL,LEONARDO JOSE,14.0,,1000,2YO MSW,FIRM,FINE,8
2025-02-25,GAVEA,4,KEY RIGHT,7,ANDERSON ALVES DE,ROBERTO SOARES,41.0,4.0,1000,2YO MSW,FIRM,FINE,8
2025-02-25,GAVEA,4,OVERBITE,8,FRANCISCO IGO ALVE,ROBERTO SOARES,51.0,3.0,1000,2YO MSW,FIRM,FINE,8
2025-02-25,GAVEA,5,NUMBAT,1,JOSE DA SILVA APAR,LEONARDO JOSE,23.0,,1300,2YO MSW,FIRM,FINE,8
2025-02-25,GAVEA,5,OFF THE CURVE,2,VALDINEI ROCHA GIL,DULCINO,2.9,1.0,1300,2YO MSW,FIRM,FINE,8
2025-02-25,GAVEA,5,TUYMANS,3,HENDERSON DOS SANT,LUIZ DE GONZAGA,3.8,2.0,1300,2YO MSW,FIRM,FINE,8
2025-02-25,GAVEA,5,TURRELL,4,WILKLEY DE ASSIS X,LUIZ DE GONZAGA,10.0,,1300,2YO MSW,FIRM,FINE,8
2025-02-25,GAVEA,5,WELL WELL,5,VAGNER BORGES,LUIZ DE GONZAGA,7.5,,1300,2YO MSW,FIRM,FINE,8
2025-02-25,GAVEA,5,OFFICER IN CHARGE,6,MAIKON MESQUITA,LEONARDO JOSE,17.0,4.0,1300,2YO MSW,FIRM,FINE,8
2025-02-25,GAVEA,5,WELCOME BABY,7,ANDERSON ALVES DE,LUIZ DE GONZAGA,23.0,,1300,2YO MSW,FIRM,FINE,8
2025-02-25,GAVEA,5,TAMOIO,8,WESLEY MATHEUS CAR,JULIO CEZAR CASTRO,3.9,3.0,1300,2YO MSW,FIRM,FINE,8
2025-02-25,GAVEA,6,TENUTA POGGIONE,1,ANTONIO GOMES QUEI,LUIZ DE GONZAGA,4.2,1.0,1200,3YO+ HCP,FIRM,FINE,8
2025-02-25,GAVEA,6,HENRY FONDA,2,MATHEUS MENEZES DE,OBERDAN,31.0,4.0,1200,3YO+ HCP,FIRM,FINE,8
2025-02-25,GAVEA,6,REGAL DARF,3,WILKLEY DE ASSIS X,ADELCIO,0.0,,1200,3YO+ HCP,FIRM,FINE,8
2025-02-25,GAVEA,6,JONNOS,3,HENDERSON DOS SANT,ADELCIO,3.9,2.0,1200,3YO+ HCP,FIRM,FINE,8
2025-02-25,GAVEA,6,SARMENTO,4,GABRIEL PEREIRA SA,LUIZ DE GONZAGA,14.0,,1200,3YO+ HCP,FIRM,FINE,8
2025-02-25,GAVEA,6,SOM DE CHUVA,5,VALDINEI ROCHA GIL,VENANCIO,4.8,,1200,3YO+ HCP,FIRM,FINE,8
2025-02-25,GAVEA,6,ZOOMING,7,ANDERSON ALVES DE,OBERDAN,0.0,,1200,3YO+ HCP,FIRM,FINE,8
2025-02-25,GAVEA,6,HIMMORTEL,6,VAGNER BORGES,ADELCIO,2.2,3.0,1200,3YO+ HCP,FIRM,FINE,8
2025-02-25,GAVEA,7,SARGENT PEPPER,1,HENDERSON DOS SANT,LUIZ DE GONZAGA,3.2,3.0,1600,3YO ALW,FIRM,FINE,9
2025-02-25,GAVEA,7,C'EST SI BON,2,MAIKON MESQUITA,JOSE FERREIRA,41.0,,1600,3YO ALW,FIRM,FINE,9
2025-02-25,GAVEA,7,UPSTREAM,3,VALDINEI ROCHA GIL,LUIZ DE GONZAGA,34.0,4.0,1600,3YO ALW,FIRM,FINE,9
2025-02-25,GAVEA,7,GUAPA,4,ANDERSON ALVES DE,BRENO ALBUQUERQUE,34.0,,1600,3YO ALW,FIRM,FINE,9
2025-02-25,GAVEA,7,VALPARAISO,5,WESLEY MATHEUS CAR,ILDEFONSO,2.0,2.0,1600,3YO ALW,FIRM,FINE,9
2025-02-25,GAVEA,7,CHABLIS,6,MATHEUS MENEZES DE,JOSE FERREIRA,41.0,,1600,3YO ALW,FIRM,FINE,9
2025-02-25,GAVEA,7,SMARTBRAIN,7,VAGNER BORGES,DULCINO,7.5,,1600,3YO ALW,FIRM,FINE,9
2025-02-25,GAVEA,7,NINNON,8,WILKLEY DE ASSIS X,ADELCIO,23.0,,1600,3YO ALW,FIRM,FINE,9
2025-02-25,GAVEA,7,AGAPANTO SALTO,9,JOSE DA SILVA APAR,ADELCIO,8.0,1.0,1600,3YO ALW,FIRM,FINE,9
2025-02-25,GAVEA,8,LIBERTAD NUESTRA,1,VAGNER BORGES,ALVARO EMIGDIO,4.6,1.0,1500,3YO MSW,FIRM,FINE,10
2025-02-25,GAVEA,8,WINEHOUSE,2,WILKLEY DE ASSIS X,BRENO ALBUQUERQUE,13.0,,1500,3YO MSW,FIRM,FINE,10
2025-02-25,GAVEA,8,SEMPRE FELIZ,3,NOT NOTIFIED,VENANCIO,0.0,,1500,3YO MSW,FIRM,FINE,10
2025-02-25,GAVEA,8,NASHVILLE MUSIC,3,ANDERSON ALVES DE,TEOFILO GARCIA,21.0,,1500,3YO MSW,FIRM,FINE,10
2025-02-25,GAVEA,8,BRIA,4,VALDINEI ROCHA GIL,ADELCIO,1.7,3.0,1500,3YO MSW,FIRM,FINE,10
2025-02-25,GAVEA,8,NINO ROSSO,5,ADILTON FAGNER DA,NOE ROBERTO VIEIRA,19.0,2.0,1500,3YO MSW,FIRM,FINE,10
2025-02-25,GAVEA,8,SYMMETRY,6,HENDERSON DOS SANT,LUIZ DE GONZAGA,21.0,,1500,3YO MSW,FIRM,FINE,10
2025-02-25,GAVEA,8,NA MIRA DO PERIGO,7,JORGE ANTONIO RICA,VENANCIO,7.0,,1500,3YO MSW,FIRM,FINE,10
2025-02-25,GAVEA,8,JUST JUMP,9,JOSE DA SILVA APAR,JOSE CARLOS DA SILVA,0.0,,1500,3YO MSW,FIRM,FINE,10
2025-02-25,GAVEA,8,HYATT CENTRIC,8,MATHEUS MENEZES DE,CARLOS MAGALHAES LEITE,26.0,4.0,1500,3YO MSW,FIRM,FINE,10
2025-02-25,GAVEA,9,MULTIVERSO,1,ANDERSON ALVES DE,IGOR DO CANTO,9.5,3.0,1300,3YO+ CLM,FIRM,FINE,12
2025-02-25,GAVEA,9,ATONITO,2,ANTONIO GOMES QUEI,VICTOR DE MELLO,9.5,,1300,3YO+ CLM,FIRM,FINE,12
2025-02-25,GAVEA,9,DOM BLUCK,3,ADILTON FAGNER DA,MAURICIO FONTOURA,26.0,4.0,1300,3YO+ CLM,FIRM,FINE,12
2025-02-25,GAVEA,9,MIDNIGHT HEART,4,VAGNER BORGES,VICTOR DE MELLO,0.0,,1300,3YO+ CLM,FIRM,FINE,12
2025-02-25,GAVEA,9,KING MUSAH,5,FRANCISCO IGO ALVE,GESUISINHO DE SOUZA,6.5,,1300,3YO+ CLM,FIRM,FINE,12
2025-02-25,GAVEA,9,SUNDAY MORNING,6,JORGE ANTONIO RICA,VICTOR,31.0,,1300,3YO+ CLM,FIRM,FINE,12
2025-02-25,GAVEA,9,FAST VOLK,7,VALDINEI ROCHA GIL,JOSE DA SILVA,11.0,,1300,3YO+ CLM,FIRM,FINE,12
2025-02-25,GAVEA,9,KING BASTEN,8,JOSE DA SILVA APAR,RENAN PEIXOTO,10.0,2.0,1300,3YO+ CLM,FIRM,FINE,12
2025-02-25,GAVEA,9,SARUMAN,9,MATHEUS MENEZES DE,JAIRO DA SILVA,26.0,,1300,3YO+ CLM,FIRM,FINE,12
2025-02-25,GAVEA,9,MONSIER ONASSIS,10,WESLEY MATHEUS CAR,CARLOS MAGALHAES LEITE,2.3,,1300,3YO+ CLM,FIRM,FINE,12
2025-02-25,GAVEA,9,NIGHT STREET,11,MAIKON MESQUITA,JOSE FERREIRA,18.0,1.0,1300,3YO+ CLM,FIRM,FINE,12
2025-02-25,GAVEA,9,SHERPA,12,HENDERSON DOS SANT,LUIZ DE GONZAGA,13.0,,1300,3YO+ CLM,FIRM,FINE,12
2025-02-25,VAAL,1,OLD FASHIONED,1,K MATSUNYANE,CLINTON BINDA,1.9,3.0,1000,MPLATE,GOOD,OCAST,8
2025-02-25,VAAL,1,PURSUIT OF FAME,3,M KATJEDI,JAAP VISSER,21.0,4.0,1000,MPLATE,GOOD,OCAST,8
2025-02-25,VAAL,1,RINGHO,7,N KLINK,C I JONKER,3.8,2.0,1000,MPLATE,GOOD,OCAST,8
2025-02-25,VAAL,1,WHAT A PREDATOR,2,P MXOLI,DENNIS CASON,34.0,,1000,MPLATE,GOOD,OCAST,8
2025-02-25,VAAL,1,FLYING PREDATOR,5,J GATES,DENNIS CASON,71.0,,1000,MPLATE,GOOD,OCAST,8
2025-02-25,VAAL,1,MO EXPRESS,8,JARRYD PENNY,JAAP VISSER,41.0,,1000,MPLATE,GOOD,OCAST,8
2025-02-25,VAAL,1,TURF GURU,6,LOUIS NHLAPO,JAAP VISSER,151.0,,1000,MPLATE,GOOD,OCAST,8
2025-02-25,VAAL,1,JUST JAZZED UP,4,CRAIG ZACKEY,PAUL MATCHETT,3.4,1.0,1000,MPLATE,GOOD,OCAST,8
2025-02-25,VAAL,2,LADY OF ARC,7,RYAN MUNGER,F BRONKHORST,2.5,1.0,1000,MPLATE FM,GOOD,OCAST,11
2025-02-25,VAAL,2,ACT ON SNOW,5,P MXOLI,PAUL MATCHETT,6.5,,1000,MPLATE FM,GOOD,OCAST,11
2025-02-25,VAAL,2,BLAZING SKY,4,JARRYD PENNY,PAUL MATCHETT,151.0,,1000,MPLATE FM,GOOD,OCAST,11
2025-02-25,VAAL,2,EMPRESS WU,4,DENNIS SCHWARZ,FRITZ ROUX,0.0,,1000,MPLATE FM,GOOD,OCAST,11
2025-02-25,VAAL,2,CYBER SPIRIT,9,LOUIS NHLAPO,JAAP VISSER,9.5,4.0,1000,MPLATE FM,GOOD,OCAST,11
2025-02-25,VAAL,2,BILINGUAL,2,J GATES,ST JOHN GRAY,16.0,3.0,1000,MPLATE FM,GOOD,OCAST,11
2025-02-25,VAAL,2,CHASING THE CROWN,3,V JODHEE,GRANT MAROUN,251.0,,1000,MPLATE FM,GOOD,OCAST,11
2025-02-25,VAAL,2,FINAL HOPE,8,M KATJEDI,A P PETER,51.0,,1000,MPLATE FM,GOOD,OCAST,11
2025-02-25,VAAL,2,GREEN EXTREME,6,CRAIG ZACKEY,LUCKY HOUDALAKIS,4.8,2.0,1000,MPLATE FM,GOOD,OCAST,11
2025-02-25,VAAL,2,MISTY METAL,10,CHASE MAUJEAN,A P PETER,7.5,,1000,MPLATE FM,GOOD,OCAST,11
2025-02-25,VAAL,2,WORLD TOUR,1,MUZI YENI,MIKE AZZIE,8.5,,1000,MPLATE FM,GOOD,OCAST,11
2025-02-25,VAAL,3,GAELIC DANCER,8,P MXOLI,PAUL MATCHETT,7.0,,1000,RBH71 FM,GOOD,OCAST,9
2025-02-25,VAAL,3,MOTHER CITY,5,LOUIS NHLAPO,COERIE LENSLEY,126.0,,1000,RBH71 FM,GOOD,OCAST,9
2025-02-25,VAAL,3,TAKE YOUR PLACE,7,PIERE STRYDOM,ST JOHN GRAY,2.8,2.0,1000,RBH71 FM,GOOD,OCAST,9
2025-02-25,VAAL,3,RAINING RUBIES,2,J SYSTER,H VAN DER WESTHUIZEN,8.5,3.0,1000,RBH71 FM,GOOD,OCAST,9
2025-02-25,VAAL,3,RADIANT HEAT,1,G SAMO-BURTHIA,CORNE SPIES,51.0,,1000,RBH71 FM,GOOD,OCAST,9
2025-02-25,VAAL,3,IN THE ETHER,9,RYAN MUNGER,GRANT MAROUN,3.8,1.0,1000,RBH71 FM,GOOD,OCAST,9
2025-02-25,VAAL,3,TOGETHER AGAIN,6,M KATJEDI,JAAP VISSER,16.0,,1000,RBH71 FM,GOOD,OCAST,9
2025-02-25,VAAL,3,DANCING DORA,3,MUZI YENI,F BRONKHORST,6.0,,1000,RBH71 FM,GOOD,OCAST,9
2025-02-25,VAAL,3,SMELTING,4,N KLINK,B H STIDOLPH,10.0,4.0,1000,RBH71 FM,GOOD,OCAST,9
2025-02-25,VAAL,4,JUST THE TWO OF US,6,MUZI YENI,MIKE AZZIE,6.0,,1000,RBH87 FM,GOOD,OCAST,11
2025-02-25,VAAL,4,VIRGINIA BEACH,4,DIEGO GOUVEIA,A P PETER,26.0,,1000,RBH87 FM,GOOD,OCAST,11
2025-02-25,VAAL,4,WHIRLYBIRD,5,K MATSUNYANE,CLINTON BINDA,61.0,,1000,RBH87 FM,GOOD,OCAST,11
2025-02-25,VAAL,4,MIST IN SCOTLAND,6,P MXOLI,PAUL MATCHETT,41.0,3.0,1000,RBH87 FM,GOOD,OCAST,11
2025-02-25,VAAL,4,KIA KAHA,8,GAVIN LERENA,MIKE AZZIE,2.8,4.0,1000,RBH87 FM,GOOD,OCAST,11
2025-02-25,VAAL,4,GLOBAL THUNDER,9,LOUIS NHLAPO,COERIE LENSLEY,81.0,,1000,RBH87 FM,GOOD,OCAST,11
2025-02-25,VAAL,4,VIRGIN RIVER,10,CHASE MAUJEAN,ALEC LAIRD,2.15,2.0,1000,RBH87 FM,GOOD,OCAST,11
2025-02-25,VAAL,4,PHANTOM EXPRESS,1,CRAIG ZACKEY,PAUL MATCHETT,6.5,,1000,RBH87 FM,GOOD,OCAST,11
2025-02-25,VAAL,4,FLIGHT OF A CONDOR,2,M KATJEDI,DIANNE STENGER,61.0,,1000,RBH87 FM,GOOD,OCAST,11
2025-02-25,VAAL,4,THE NAVY LARK,7,RYAN MUNGER,JAAP VISSER,9.5,1.0,1000,RBH87 FM,GOOD,OCAST,11
2025-02-25,VAAL,4,MICKE'S BOMB,3,K LIHABA,F BRONKHORST,61.0,,1000,RBH87 FM,GOOD,OCAST,11
2025-02-25,VAAL,5,POTBERRIE,5,PIERE STRYDOM,ST JOHN GRAY,8.0,,1450,RBH100,GOOD,OCAST,9
2025-02-25,VAAL,5,MISS LIA,4,P MXOLI,PAUL MATCHETT,9.0,,1450,RBH100,GOOD,OCAST,9
2025-02-25,VAAL,5,BANFF,2,CRAIG ZACKEY,SEAN TARRY,2.0,3.0,1450,RBH100,GOOD,OCAST,9
2025-02-25,VAAL,5,ROYAL FORCE,3,GAVIN LERENA,LUCKY HOUDALAKIS,3.6,1.0,1450,RBH100,GOOD,OCAST,9
2025-02-25,VAAL,5,KAMENSKY,8,RYAN MUNGER,ROY MAGNER,19.0,2.0,1450,RBH100,GOOD,OCAST,9
2025-02-25,VAAL,5,SKITTLES SKIES,7,J GATES,P P LABUSCHAGNE,14.0,,1450,RBH100,GOOD,OCAST,9
2025-02-25,VAAL,5,PEACE TREATY,1,K MATSUNYANE,SEAN TARRY,10.0,,1450,RBH100,GOOD,OCAST,9
2025-02-25,VAAL,5,TINTAMARRE,6,MUZI YENI,ALEC LAIRD,7.0,4.0,1450,RBH100,GOOD,OCAST,9
2025-02-25,VAAL,5,LAVA FIRE,4,N NASTILI,TYRONE ZACKEY,10.0,,1450,RBH100,GOOD,OCAST,9
2025-02-25,VAAL,6,MISS SCALETTA,7,P MXOLI,PAUL MATCHETT,6.5,,1450,RBH96 F,GOOD,OCAST,9
2025-02-25,VAAL,6,POINTER,1,GAVIN LERENA,ALEC LAIRD,6.5,,1450,RBH96 F,GOOD,OCAST,9
2025-02-25,VAAL,6,OXALIS GOLD,6,DIEGO GOUVEIA,MIKE / MATHEW DE KOCK,16.0,,1450,RBH96 F,GOOD,OCAST,9
2025-02-25,VAAL,6,FRANCILIEN,4,CRAIG ZACKEY,LUCKY HOUDALAKIS,2.6,,1450,RBH96 F,GOOD,OCAST,9
2025-02-25,VAAL,6,SONIC JET,2,K MATSUNYANE,COERIE LENSLEY,1.8,1.0,1450,RBH96 F,GOOD,OCAST,9
2025-02-25,VAAL,6,GOLDEN MOMENT,7,RYAN MUNGER,SEAN TARRY,8.0,2.0,1450,RBH96 F,GOOD,OCAST,9
2025-02-25,VAAL,6,SAIGON SUZIE,1,CHASE MAUJEAN,J A JANSE VAN VUUREN,17.0,,1450,RBH96 F,GOOD,OCAST,9
2025-02-25,VAAL,6,ACCEPT COOKIES,5,MUZI YENI,ROY MAGNER,4.8,4.0,1450,RBH96 F,GOOD,OCAST,9
2025-02-25,VAAL,6,GREAT NOTION,3,M KATJEDI,MIKE / MATHEW DE KOCK,7.0,3.0,1450,RBH96 F,GOOD,OCAST,9
2025-02-25,VAAL,7,SECRET CHORD,5,MUZI YENI,ST JOHN GRAY,6.0,1.0,1200,RBH80,GOOD,OCAST,11
2025-02-25,VAAL,7,ZANTHAR,8,GAVIN LERENA,MIKE AZZIE,5.5,,1200,RBH80,GOOD,OCAST,11
2025-02-25,VAAL,7,SPRING TRADITION,9,LOUIS NHLAPO,W MARWING,21.0,,1200,RBH80,GOOD,OCAST,11
2025-02-25,VAAL,7,KINSHIN SHA,6,CRAIG ZACKEY,LUCKY HOUDALAKIS,7.0,3.0,1200,RBH80,GOOD,OCAST,11
2025-02-25,VAAL,7,BIG BOY BRUCE,8,RYAN MUNGER,F BRONKHORST,4.4,,1200,RBH80,GOOD,OCAST,11
2025-02-25,VAAL,7,PAUL REVERE,4,K MATSUNYANE,COERIE LENSLEY,7.5,,1200,RBH80,GOOD,OCAST,11
2025-02-25,VAAL,7,MIDNIGHT FUSION,2,K BREWER,R KLAASEN,34.0,,1200,RBH80,GOOD,OCAST,11
2025-02-25,VAAL,7,SUPER AWESOME,7,DIEGO GOUVEIA,ROY MAGNER,9.5,4.0,1200,RBH80,GOOD,OCAST,11
2025-02-25,VAAL,7,BLIZZARD SNOW,1,WESLEY MARWING,A P PETER,11.0,2.0,1200,RBH80,GOOD,OCAST,11
2025-02-25,VAAL,7,ALONE TIME,10,GAVIN LERENA,FRITZ ROUX,6.0,,1200,RBH80,GOOD,OCAST,11
2025-02-25,VAAL,7,SOVEREIGNS CALL,3,CHASE MAUJEAN,TYRONE ZACKEY,8.0,,1200,RBH80,GOOD,OCAST,11
2025-02-25,VAAL,8,GOOD TO GREAT,5,CHASE MAUJEAN,CLINTON BINDA,34.0,,1200,RBH66,GOOD,OCAST,14
2025-02-25,VAAL,8,CIRCUS LIGHTS,2,P MXOLI,GRANT MAROUN,14.0,,1200,RBH66,GOOD,OCAST,14
2025-02-25,VAAL,8,OKLAHOMA TWISTER,10,K MATSUNYANE,H VAN DER WESTHUIZEN,17.0,,1200,RBH66,GOOD,OCAST,14
2025-02-25,VAAL,8,WRITTEN IN STONE,3,J GATES,BRETT WEBBER,9.5,,1200,RBH66,GOOD,OCAST,14
2025-02-25,VAAL,8,SAIL THE SKY,7,GAVIN LERENA,C I JONKER,2.9,2.0,1200,RBH66,GOOD,OCAST,14
2025-02-25,VAAL,8,STROKE OF MERCY,9,LOUIS NHLAPO,COERIE LENSLEY,34.0,,1200,RBH66,GOOD,OCAST,14
2025-02-25,VAAL,8,DAKOTA CAT,8,RYAN MUNGER,FRITZ ROUX,19.0,,1200,RBH66,GOOD,OCAST,14
2025-02-25,VAAL,8,ORIENTAL BOUQUET,6,CHASE MAUJEAN,GRANT MAROUN,13.0,4.0,1200,RBH66,GOOD,OCAST,14
2025-02-25,VAAL,8,JET CAT,11,WESLEY MARWING,H VAN DER WESTHUIZEN,17.0,,1200,RBH66,GOOD,OCAST,14
2025-02-25,VAAL,8,TWICE AS WILD,1,J SYSTER,GRANT MAROUN,5.5,,1200,RBH66,GOOD,OCAST,14
2025-02-25,VAAL,8,PHALA MILLIONS,4,M KATJEDI,BRETT WEBBER,13.0,1.0,1200,RBH66,GOOD,OCAST,14
2025-02-25,VAAL,8,GAL GADOT,7,K LIHABA,S M NAIDOO,51.0,,1200,RBH66,GOOD,OCAST,14
2025-02-25,VAAL,8,JUNIPER GREEN,5,CRAIG ZACKEY,F P HABIB,6.0,3.0,1200,RBH66,GOOD,OCAST,14
2025-02-25,VAAL,8,EYE CATCHING,10,NOT NOTIFIED,JANNIE BORMAN,1.01,,1200,RBH66,GOOD,OCAST,14
2025-02-25,URAWA JAPAN,1,HAKUSHIN DRAGON,1,YOSHIMI HANZAWA,MAKI HIRAYAMA,26.0,,1400,3YO COND,FIRM,FINE,12
2025-02-25,URAWA JAPAN,1,PARASOLE,2,TSUBASA SASAGAWA,TAKASHI MIZUNO,3.4,1.0,1400,3YO COND,FIRM,FINE,12
2025-02-25,URAWA JAPAN,1,SHINANO SHOGUN,3,KOSHI YOSHIDOME,YOSHIKAZU KANUMA,11.0,,1400,3YO COND,FIRM,FINE,12
2025-02-25,URAWA JAPAN,1,YUYU KEEN,4,SHOYA HOZONO,YUMIKO IRIGUCHI,151.0,,1400,3YO COND,FIRM,FINE,12
2025-02-25,URAWA JAPAN,1,UWASANO DEKOPIN,5,YUJIRO TANABATA,SHINSUKE KUDO,14.0,,1400,3YO COND,FIRM,FINE,12
2025-02-25,URAWA JAPAN,1,ODEN OPAL,6,KOSEI AKIMOTO,KAZUMA YABUGUCHI,101.0,,1400,3YO COND,FIRM,FINE,12
2025-02-25,URAWA JAPAN,1,LAGOON LIBERTY,7,GENKI FUJIMOTO,TAKESHI MINOWA,21.0,,1400,3YO COND,FIRM,FINE,12
2025-02-25,URAWA JAPAN,1,ORIENTAL MAC,8,JUNICHI JITSUKAWA,ISAO SASAKI,61.0,,1400,3YO COND,FIRM,FINE,12
2025-02-25,URAWA JAPAN,1,NOBLE PLATINA,9,MAI MAI FUKUHARA,TAKASHI MIZUNO,2.35,4.0,1400,3YO COND,FIRM,FINE,12
2025-02-25,URAWA JAPAN,1,TSUGANO ROMAN,10,KEITA NISHI,SHINOBU HASEGAWA,34.0,,1400,3YO COND,FIRM,FINE,12
2025-02-25,URAWA JAPAN,1,APPLE THIEF,11,AOI SHINOYA,NOBUHIRO YAMADA,31.0,3.0,1400,3YO COND,FIRM,FINE,12
2025-02-25,URAWA JAPAN,1,SHINANO OYAKATA,12,HARUHISA SANO,KENICHI TAKATSUKI,5.0,2.0,1400,3YO COND,FIRM,FINE,12
2025-02-25,URAWA JAPAN,2,SPRING NEIGE,1,KOSEI AKIMOTO,KAZUMA YABUGUCHI,251.0,,1400,C3,FIRM,FINE,12
2025-02-25,URAWA JAPAN,2,INVENTION,2,SHOYA HOZONO,SHINOBU HASEGAWA,251.0,2.0,1400,C3,FIRM,FINE,12
2025-02-25,URAWA JAPAN,2,AI BRIGHT,3,AKIRA HARITA,MASAO AI,14.0,4.0,1400,C3,FIRM,FINE,12
2025-02-25,URAWA JAPAN,2,KAMIYAGA RULER,4,TOSHIO UCHIDA,KENJI UCHINO,11.0,3.0,1400,C3,FIRM,FINE,12
2025-02-25,URAWA JAPAN,2,MYRDAL,5,RYOUMA KIMATSUKA,KAZUNORI SAKAI,101.0,,1400,C3,FIRM,FINE,12
2025-02-25,URAWA JAPAN,2,STAR KOMACHI,6,YOICHIRO MURO,MORIO KAWAMURA,251.0,,1400,C3,FIRM,FINE,12
2025-02-25,URAWA JAPAN,2,YODONO HOMARE,7,TAKEHIRO KASANO,MAKI HIRAYAMA,8.0,,1400,C3,FIRM,FINE,12
2025-02-25,URAWA JAPAN,2,SUNRISE TESORO,8,YOSHIMI HANZAWA,YUTAKA KAWASHIMA,251.0,,1400,C3,FIRM,FINE,12
2025-02-25,URAWA JAPAN,2,SEA OF CLOUDS,9,RYO NOVATA,TAKASHI NOGUCHI,9.0,,1400,C3,FIRM,FINE,12
2025-02-25,URAWA JAPAN,2,ECORO AGENDA,10,TANIUCHI KANTA,SHINSUKE KUDO,6.0,,1400,C3,FIRM,FINE,12
2025-02-25,URAWA JAPAN,2,KING BULLSEYES,11,TSUBASA SASAGAWA,KENICHI SHIGETA,1.5,1.0,1400,C3,FIRM,FINE,12
2025-02-25,URAWA JAPAN,2,GOLD BUNNY,12,KOSHI YOSHIDOME,TAKASHI NOGUCHI,251.0,,1400,C3,FIRM,FINE,12
2025-02-25,URAWA JAPAN,3,HARMONY JOEY,1,TSUBASA SASAGAWA,KIYOSHIGE ARAI,2.7,2.0,1500,C3,FIRM,FINE,12
2025-02-25,URAWA JAPAN,3,STORM SHADOW,2,JUNICHI JITSUKAWA,KIYOAKI SASAKI,251.0,,1500,C3,FIRM,FINE,12
2025-02-25,URAWA JAPAN,3,TAISHITAMONDARO,3,SHOYA HOZONO,MORIO KAWAMURA,4.4,3.0,1500,C3,FIRM,FINE,12
2025-02-25,URAWA JAPAN,3,GENIE BONITA,4,MAI MAI FUKUHARA,TAKASHI MIZUNO,21.0,4.0,1500,C3,FIRM,FINE,12
2025-02-25,URAWA JAPAN,3,WAIKIKI BEACH,5,TAKEHIRO KASANO,TSUKASA KAIBAZAWA,251.0,,1500,C3,FIRM,FINE,12
2025-02-25,URAWA JAPAN,3,SIESTA KEY,6,KAZUHIRO KATO,KAZUMA YABUGUCHI,12.0,,1500,C3,FIRM,FINE,12
2025-02-25,URAWA JAPAN,3,PREMIUM PRIMO,7,YUJIRO TANABATA,MAKI HIRAYAMA,71.0,,1500,C3,FIRM,FINE,12
2025-02-25,URAWA JAPAN,3,STHENNO,8,TETSUYA TAKAHASHI,SHINJI KOBAYASHI,251.0,,1500,C3,FIRM,FINE,12
2025-02-25,URAWA JAPAN,3,KEIAI MAVORA,9,YOICHIRO MURO,MORIO KAWAMURA,21.0,,1500,C3,FIRM,FINE,12
2025-02-25,URAWA JAPAN,3,ECHIGONO UTAGE,10,TOSHIKI YAMAMOTO,MANABU YAMAMOTO,151.0,,1500,C3,FIRM,FINE,12
2025-02-25,URAWA JAPAN,3,SANTA MONICA BEACH,11,AKIO MIKOSHI,YUTAKA KAWASHIMA,2.4,1.0,1500,C3,FIRM,FINE,12
2025-02-25,URAWA JAPAN,3,BLUE TOURMALINE,12,MITSUHIRO MASUDA,ISAMU KUBO,16.0,,1500,C3,FIRM,FINE,12
2025-02-25,URAWA JAPAN,4,L'AVENIR DE REVE,1,KASUMI KAMIO,SUNAO YAMADA,6.0,,1400,3YO COND,FIRM,FINE,12
2025-02-25,URAWA JAPAN,4,MINENO BLUE,2,MAI MAI FUKUHARA,SHIGENORI ITO,8.5,,1400,3YO COND,FIRM,FINE,12
2025-02-25,URAWA JAPAN,4,TAKAICHI FURIOSO,3,KOSHI YOSHIDOME,KAZUMA YABUGUCHI,26.0,,1400,3YO COND,FIRM,FINE,12
2025-02-25,URAWA JAPAN,4,ANOTHER FAMILIA,4,GENKI FUJIMOTO,MASATO HAYASHI,251.0,,1400,3YO COND,FIRM,FINE,12
2025-02-25,URAWA JAPAN,4,DAIBA YATAGARASU,5,WATARU FUJIE,TAKESHI MINOWA,21.0,4.0,1400,3YO COND,FIRM,FINE,12
2025-02-25,URAWA JAPAN,4,NOVA VIA,6,H YOSHIHARA,SATOSHI KOKUBO,2.4,2.0,1400,3YO COND,FIRM,FINE,12
2025-02-25,URAWA JAPAN,4,GOD FINGER,7,HARUHISA SANO,KENICHI TAKATSUKI,151.0,,1400,3YO COND,FIRM,FINE,12
2025-02-25,URAWA JAPAN,4,NORVE HERO,8,TATSUYA YAMAGUCHI,MASATO HAYASHI,5.5,,1400,3YO COND,FIRM,FINE,12
2025-02-25,URAWA JAPAN,4,JAMBOREE QUEEN,9,SEIJI YAMAZAKI,SUNAO YAMADA,41.0,,1400,3YO COND,FIRM,FINE,12
2025-02-25,URAWA JAPAN,4,IRODORINO KAORI,10,YUKI YAMANAKA,HIRONORI UNOKI,9.5,3.0,1400,3YO COND,FIRM,FINE,12
2025-02-25,URAWA JAPAN,4,MONDO,11,NAOKI MACHIDA,SATOSHI KODA,7.5,1.0,1400,3YO COND,FIRM,FINE,12
2025-02-25,URAWA JAPAN,4,GOLD KID,12,YUJIRO TANABATA,YOSHIKAZU KANUMA,34.0,,1400,3YO COND,FIRM,FINE,12
2025-02-25,URAWA JAPAN,5,MORNING TAMPOPO,1,YUJIRO TANABATA,TAKESHI MINOWA,31.0,,1400,3YO COND,FIRM,FINE,12
2025-02-25,URAWA JAPAN,5,ROYAL JODHANA,2,NAOKI MACHIDA,ISAO SASAKI,251.0,,1400,3YO COND,FIRM,FINE,12
2025-02-25,URAWA JAPAN,5,TSUGANO MUSASHI,3,KAZUHIRO KATO,SHINOBU HASEGAWA,15.0,,1400,3YO COND,FIRM,FINE,12
2025-02-25,URAWA JAPAN,5,COSMO CAPITAO,4,RYO NOVATA,TAKASHI MIZUNO,7.0,4.0,1400,3YO COND,FIRM,FINE,12
2025-02-25,URAWA JAPAN,5,GOLD GRANT,5,TAKEHIRO KASANO,MASAKI IWASAKI,23.0,,1400,3YO COND,FIRM,FINE,12
2025-02-25,URAWA JAPAN,5,SAYONO GHOSTED,6,TSUBASA SASAGAWA,SHINSUKE KUDO,1.7,1.0,1400,3YO COND,FIRM,FINE,12
2025-02-25,URAWA JAPAN,5,ICHIKANO YUME,7,TOSHIYA YAMAMOTO,TAKASHI MIZUNO,10.0,,1400,3YO COND,FIRM,FINE,12
2025-02-25,URAWA JAPAN,5,IRIE'S PACHIRA,8,JIYOUJI WADA,KATSUYOSHI UCHIDA,15.0,3.0,1400,3YO COND,FIRM,FINE,12
2025-02-25,URAWA JAPAN,5,POWDER SNOW,9,H YOSHIHARA,MAKI HIRAYAMA,12.0,,1400,3YO COND,FIRM,FINE,12
2025-02-25,URAWA JAPAN,5,FIDELE TROTTER,10,KOSHI YOSHIDOME,KAZUMA YABUGUCHI,51.0,,1400,3YO COND,FIRM,FINE,12
2025-02-25,URAWA JAPAN,5,BENEDIT,11,YOICHIRO MURO,SATOSHI KOKUBO,18.0,,1400,3YO COND,FIRM,FINE,12
2025-02-25,URAWA JAPAN,5,YOSHIHIRO,12,AKIRA HARITA,TAKASHI HARITA,18.0,2.0,1400,3YO COND,FIRM,FINE,12
2025-02-25,URAWA JAPAN,6,MEISHO BONGOCHI,1,KAZUHIRO KATO,KAZUMA YABUGUCHI,101.0,,1500,C2,FIRM,FINE,12
2025-02-25,URAWA JAPAN,6,ECLAIR SKY,2,TATSUYA YAMAGUCHI,MASATO HAYASHI,6.5,3.0,1500,C2,FIRM,FINE,12
2025-02-25,URAWA JAPAN,6,RYUNO RAPTOR,3,AKIRA HARITA,SATOSHI SAITO,6.0,2.0,1500,C2,FIRM,FINE,12
2025-02-25,URAWA JAPAN,6,BARI BLACK,4,KOSEI AKIMOTO,SHINJI KOBAYASHI,251.0,,1500,C2,FIRM,FINE,12
2025-02-25,URAWA JAPAN,6,BOUND TO WIN,5,SHOYA HOZONO,HIROHITO NOGUCHI,201.0,,1500,C2,FIRM,FINE,12
2025-02-25,URAWA JAPAN,6,CAL DAWN,6,NAOKI MACHIDA,KENICHI SHIGETA,31.0,,1500,C2,FIRM,FINE,12
2025-02-25,URAWA JAPAN,6,LOGI MUSTANG,7,YUJIRO TANABATA,MAKI HIRAYAMA,151.0,,1500,C2,FIRM,FINE,12
2025-02-25,URAWA JAPAN,6,COOLIDGE TESORO,8,H YOSHIHARA,SATOSHI KOKUBO,7.0,,1500,C2,FIRM,FINE,12
2025-02-25,URAWA JAPAN,6,DERMA PURUSA,9,RYO NOVATA,TAKESHI MINOWA,1.65,1.0,1500,C2,FIRM,FINE,12
2025-02-25,URAWA JAPAN,6,BERGEN HEART,10,YOICHIRO MURO,SHINOBU HASEGAWA,251.0,,1500,C2,FIRM,FINE,12
2025-02-25,URAWA JAPAN,6,SHINTO YANG KIHI,11,RYOUMA KIMATSUKA,Y YANO,151.0,,1500,C2,FIRM,FINE,12
2025-02-25,URAWA JAPAN,6,SUN DILLON,12,TSUBASA SASAGAWA,KIYOSHIGE ARAI,7.5,4.0,1500,C2,FIRM,FINE,12
2025-02-25,URAWA JAPAN,7,ONIASHI,1,KOSEI AKIMOTO,TOMOYUKI FUJIHARA,5.5,,1400,3YO COND,FIRM,FINE,12
2025-02-25,URAWA JAPAN,7,KASHINO NICE GUY,2,KOSHI YOSHIDOME,HIROHITO NOGUCHI,81.0,,1400,3YO COND,FIRM,FINE,12
2025-02-25,URAWA JAPAN,7,ASPINALL,3,RYO NOVATA,MICHIO MINAMIDA,251.0,,1400,3YO COND,FIRM,FINE,12
2025-02-25,URAWA JAPAN,7,AITOKA KOITOKA,4,SHOMA SATO,HITOSHI KOTEGAWA,151.0,,1400,3YO COND,FIRM,FINE,12
2025-02-25,URAWA JAPAN,7,TSUTSU URAURA,5,KEITA NISHI,HIROHITO NOGUCHI,1.9,4.0,1400,3YO COND,FIRM,FINE,12
2025-02-25,URAWA JAPAN,7,LE GRAND CHARIOT,6,TOSHIYA YAMAMOTO,TATSUHIKO ISHIKURI,8.0,3.0,1400,3YO COND,FIRM,FINE,12
2025-02-25,URAWA JAPAN,7,KEN BLENHEIM,7,TSUBASA SASAGAWA,KENICHI SHIGETA,12.0,,1400,3YO COND,FIRM,FINE,12
2025-02-25,URAWA JAPAN,7,HUCKLEBERRY,8,TOSHIKI AKIYAMA,AKIRA MURAYAMA,7.0,,1400,3YO COND,FIRM,FINE,12
2025-02-25,URAWA JAPAN,7,KAMINO WA,9,KENTARO USUI,ISAO SASAKI,51.0,,1400,3YO COND,FIRM,FINE,12
2025-02-25,URAWA JAPAN,7,KAJIBANO UMAJIKARA,10,H YOSHIHARA,SATOSHI SAITO,16.0,,1400,3YO COND,FIRM,FINE,12
2025-02-25,URAWA JAPAN,7,SATSUMANO KAZE,11,KO NAGAHAMA,FUMINMASA TAKAHASHI,126.0,2.0,1400,3YO COND,FIRM,FINE,12
2025-02-25,URAWA JAPAN,7,VENATOR,12,MIYABI MUTO,YOSHINORI MUTO,9.0,1.0,1400,3YO COND,FIRM,FINE,12
2025-02-25,URAWA JAPAN,8,NOOTBAAR,1,TAISEI NAKAHARA,YUMIKO IRIGUCHI,251.0,,1400,C2,FIRM,FINE,12
2025-02-25,URAWA JAPAN,8,CHIKACHAN,2,YUJIRO TANABATA,MAKI HIRAYAMA,81.0,,1400,C2,FIRM,FINE,12
2025-02-25,URAWA JAPAN,8,REALLY TIGHT,3,YOICHIRO MURO,TAKESHI MINOWA,9.0,,1400,C2,FIRM,FINE,12
2025-02-25,URAWA JAPAN,8,UMBRELLA DANCE,4,TOSHIYA YAMAMOTO,MAKI HIRAYAMA,12.0,2.0,1400,C2,FIRM,FINE,12
2025-02-25,URAWA JAPAN,8,SURPRISE ONE ONE,5,YOSHIMI NAKASHIMA,YUTAKA KAWASHIMA,34.0,,1400,C2,FIRM,FINE,12
2025-02-25,URAWA JAPAN,8,TAIHEINO YO,6,RYOUMA KIMATSUKA,SHINSUKE KUDO,6.5,4.0,1400,C2,FIRM,FINE,12
2025-02-25,URAWA JAPAN,8,RUNWAY QUEEN,7,SHOMA SATO,HIROTSUGU OZAWA,126.0,,1400,C2,FIRM,FINE,12
2025-02-25,URAWA JAPAN,8,NATSUWA YORU,8,KOSEI AKIMOTO,TAMOTSU YOKOYAMA,51.0,,1400,C2,FIRM,FINE,12
2025-02-25,URAWA JAPAN,8,KEEP RISING,9,RYO NOVATA,HIROTSUGU OZAWA,1.8,1.0,1400,C2,FIRM,FINE,12
2025-02-25,URAWA JAPAN,8,FOGGARA,10,H YOSHIHARA,SATOSHI KOKUBO,7.5,,1400,C2,FIRM,FINE,12
2025-02-25,URAWA JAPAN,8,NOVEMBER STEP,11,TATSUYA HAMADA,NOBUHIRO SHIBUYA,7.0,3.0,1400,C2,FIRM,FINE,12
2025-02-25,URAWA JAPAN,8,HEARTFUL DIA,12,MAI MAI FUKUHARA,TSUKASA KAIBAZAWA,11.0,,1400,C2,FIRM,FINE,12
2025-02-25,URAWA JAPAN,9,CITRUSDAL,1,KOSHI YOSHIDOME,MAKI HIRAYAMA,26.0,,1500,B3,FIRM,FINE,12
2025-02-25,URAWA JAPAN,9,VERDE VENTO,2,MAI MAI FUKUHARA,MITSUHIRO OKABAYASHI,51.0,,1500,B3,FIRM,FINE,12
2025-02-25,URAWA JAPAN,9,STAR SULPHUR,3,RYOYA SAWADA,HIROTSUGU OZAWA,31.0,,1500,B3,FIRM,FINE,12
2025-02-25,URAWA JAPAN,9,REIGNING CAT,4,AKIO MIKOSHI,SATOSHI KOKUBO,11.0,,1500,B3,FIRM,FINE,12
2025-02-25,URAWA JAPAN,9,DELBAETH,5,YOICHI ANDO,KATSUYOSHI UCHIDA,16.0,,1500,B3,FIRM,FINE,12
2025-02-25,URAWA JAPAN,9,MON BITE,6,JIYOUJI WADA,KAZUMA YABUGUCHI,7.5,1.0,1500,B3,FIRM,FINE,12
2025-02-25,URAWA JAPAN,9,SMART BAROWS,7,YOICHIRO MURO,KENICHI SHIGETA,14.0,,1500,B3,FIRM,FINE,12
2025-02-25,URAWA JAPAN,9,SUN CAPRICE,8,TSUBASA SASAGAWA,KIYOSHIGE ARAI,3.0,4.0,1500,B3,FIRM,FINE,12
2025-02-25,URAWA JAPAN,9,GREAT MOON,9,YUKI YAMANAKA,KAZUHIRO HAKODATE,31.0,,1500,B3,FIRM,FINE,12
2025-02-25,URAWA JAPAN,9,SEIUN SIRIUS,10,KAZUHIRO KATO,TOSHIO TOMITA,3.7,2.0,1500,B3,FIRM,FINE,12
2025-02-25,URAWA JAPAN,9,ANIMO,11,YUJIRO TANABATA,YUTAKA KAWASHIMA,251.0,,1500,B3,FIRM,FINE,12
2025-02-25,URAWA JAPAN,9,ANGE MISTRAL,12,RYO NOVATA,SATOSHI KOKUBO,4.4,3.0,1500,B3,FIRM,FINE,12
2025-02-25,URAWA JAPAN,10,LUX DION,1,RYOTA SUGAWARA,HIDEMITSU SAKAI,1.7,1.0,800,B2,FIRM,FINE,11
2025-02-25,URAWA JAPAN,10,SHINANO SMILE,2,TOSHIO UCHIDA,YOSHIKAZU KANUMA,5.5,2.0,800,B2,FIRM,FINE,11
2025-02-25,URAWA JAPAN,10,TAMAMO ALTAIR,3,TOSHIYA YAMAMOTO,TAKASHI MIZUNO,34.0,,800,B2,FIRM,FINE,11
2025-02-25,URAWA JAPAN,10,YUKIGUNI,4,KAZUHIRO KATO,KAZUMA YABUGUCHI,71.0,,800,B2,FIRM,FINE,11
2025-02-25,URAWA JAPAN,10,CARD,5,H YOSHIHARA,SATOSHI KOKUBO,12.0,,800,B2,FIRM,FINE,11
2025-02-25,URAWA JAPAN,10,GUADELOUPE,6,AKIRA HARITA,TOMOYUKI FUJIHARA,61.0,,800,B2,FIRM,FINE,11
2025-02-25,URAWA JAPAN,10,CRYSTALLIZE,7,RYO NOVATA,TAKASHI MIZUNO,71.0,,800,B2,FIRM,FINE,11
2025-02-25,URAWA JAPAN,10,YUNO ONE ONE,8,RYOUMA KIMATSUKA,KAZUNORI SAKAI,10.0,3.0,800,B2,FIRM,FINE,11
2025-02-25,URAWA JAPAN,10,RULE MAPLE,9,JIYOUJI WADA,YUYA YAMAZAKI,19.0,,800,B2,FIRM,FINE,11
2025-02-25,URAWA JAPAN,10,SEIUN HARUKANI,10,KOSHI YOSHIDOME,TOSHIO TOMITA,51.0,,800,B2,FIRM,FINE,11
2025-02-25,URAWA JAPAN,10,NORTH PRIMA,11,HARUHISA SANO,TAKASHI MIZUNO,5.5,4.0,800,B2,FIRM,FINE,11
2025-02-25,URAWA JAPAN,11,CHAMPAGNE FIGHT,1,SEIJI YAMAZAKI,SATOSHI KODA,4.4,4.0,2000,A2,FIRM,FINE,8
2025-02-25,URAWA JAPAN,11,DAIMEI CORRIDA,2,KOSHI YOSHIDOME,TAKASHI NOGUCHI,71.0,,2000,A2,FIRM,FINE,8
2025-02-25,URAWA JAPAN,11,AME COURAGE,3,KOSEI AKIMOTO,TOMOYUKI FUJIHARA,21.0,,2000,A2,FIRM,FINE,8
2025-02-25,URAWA JAPAN,11,SPARTA LEONIDAS,4,NORIFUMI MIKAMOTO,KENICHI SHIGETA,4.6,1.0,2000,A2,FIRM,FINE,8
2025-02-25,URAWA JAPAN,11,FALCON SWORD,5,TSUBASA SASAGAWA,KENICHI TAKATSUKI,26.0,,2000,A2,FIRM,FINE,8
2025-02-25,URAWA JAPAN,11,TAISEI STRADA,6,TADANARI KONNO,KATSUYOSHI UCHIDA,7.0,3.0,2000,A2,FIRM,FINE,8
2025-02-25,URAWA JAPAN,11,DOS HEARTS,7,TOSHIYA YAMAMOTO,MASAHIRO FUKUDA,15.0,,2000,A2,FIRM,FINE,8
2025-02-25,URAWA JAPAN,11,JO ESPOIR,8,H YOSHIHARA,SATOSHI KOKUBO,1.7,2.0,2000,A2,FIRM,FINE,8
2025-02-25,URAWA JAPAN,12,KEEP COMING,1,TOSHIYUKI TAKAHASH,HIROSHI YAUCHI,101.0,,1500,C1,FIRM,FINE,10
2025-02-25,URAWA JAPAN,12,TRUCK YARO,2,YOSHIMI HANZAWA,MAKI HIRAYAMA,7.0,,1500,C1,FIRM,FINE,10
2025-02-25,URAWA JAPAN,12,MIYAKONO TIARA,3,TATSUYA YAMAGUCHI,MASATO HAYASHI,4.2,2.0,1500,C1,FIRM,FINE,10
2025-02-25,URAWA JAPAN,12,LION RAFALE,4,H YOSHIHARA,HIRONORI UNOKI,2.6,3.0,1500,C1,FIRM,FINE,10
2025-02-25,URAWA JAPAN,12,WIN YOUR SONG,5,TATSUYA HAMADA,ISAO SASAKI,14.0,,1500,C1,FIRM,FINE,10
2025-02-25,URAWA JAPAN,12,BURANO MANO,6,TOSHIKI YAMAMOTO,MANABU YAMAMOTO,101.0,4.0,1500,C1,FIRM,FINE,10
2025-02-25,URAWA JAPAN,12,HARMONY REGULUS,7,RYO NOVATA,KENICHI TAKATSUKI,3.9,,1500,C1,FIRM,FINE,10
2025-02-25,URAWA JAPAN,12,WIND WORK,8,RYO KOSUGI,SHIGENORI ITO,126.0,,1500,C1,FIRM,FINE,10
2025-02-25,URAWA JAPAN,12,GLOW,9,AOI SHINOYA,MASARU TAMAI,201.0,,1500,C1,FIRM,FINE,10
2025-02-25,URAWA JAPAN,12,VISCONTI,10,RYUJI TATSUSHIRO,TAKANORI YAMANAKA,8.0,1.0,1500,C1,FIRM,FINE,10
2025-02-25,TURF PARADISE,4,AVENTAPP,1,MANUEL AMERICANO,"JOSE SILVA, JR.",3.6,1.0,1308,4YO+ ALLOW OCLM FM,FIRM,FINE,6
2025-02-25,TURF PARADISE,4,BIG BEAUTY,2,KARLO LOPEZ,JUSTIN R. EVANS,1.95,4.0,1308,4YO+ ALLOW OCLM FM,FIRM,FINE,6
2025-02-25,TURF PARADISE,4,VERONICA'S DELIGHT,3,CARLOS MONTALVO,WADE RARICK,4.8,2.0,1308,4YO+ ALLOW OCLM FM,FIRM,FINE,6
2025-02-25,TURF PARADISE,4,ZIPPIN SEVENZ,4,ISAIAS D. ENRIQUEZ,FRANK LUCARELLI,26.0,,1308,4YO+ ALLOW OCLM FM,FIRM,FINE,6
2025-02-25,TURF PARADISE,4,TWELVE STARS,5,GUILLERMO RODRIGUE,ESTEBAN MARTINEZ,8.0,3.0,1308,4YO+ ALLOW OCLM FM,FIRM,FINE,6
2025-02-25,TURF PARADISE,4,FAST GISELLE,6,ORLANDO MOJICA,NEIL D. DRYSDALE,7.5,,1308,4YO+ ALLOW OCLM FM,FIRM,FINE,6
2025-02-25,TURF PARADISE,5,WINSITWELL,1,ORLANDO MOJICA,ROBERTINO DIODORO,1.65,1.0,1609,3YO+ CLM,FIRM,FINE,7
2025-02-25,TURF PARADISE,5,HOLLYWOOD HERO,2,ALEX M. CRUZ,JUAN PABLO SILVA,7.5,3.0,1609,3YO+ CLM,FIRM,FINE,7
2025-02-25,TURF PARADISE,5,MUAY THAI,3,LUIS A. VALENZUELA,W. R. WHITEHOUSE,12.0,4.0,1609,3YO+ CLM,FIRM,FINE,7
2025-02-25,TURF PARADISE,5,DR VINNIE BOOMBATZ,4,MANUEL AMERICANO,RAYMOND G. VALERIO,0.0,,1609,3YO+ CLM,FIRM,FINE,7
2025-02-25,TURF PARADISE,5,THOMPSON,4,KEVIN KRIGGER,NANCY BETTS,6.0,2.0,1609,3YO+ CLM,FIRM,FINE,7
2025-02-25,TURF PARADISE,5,BLUES RAPPER,5,ALLYSSA MORALES,MIGUEL L. HERNANDEZ,8.0,,1609,3YO+ CLM,FIRM,FINE,7
2025-02-25,TURF PARADISE,5,FAYRUZ TRIBUTE,6,JOSE MARIANO ASENC,VALENTIN L. [PICHO] GARCIA,13.0,,1609,3YO+ CLM,FIRM,FINE,7
2025-02-25,TURF PARADISE,6,FOREST ACCLAMATION,1,NEVILLE STEPHENSON,JOHNATHON FERON,6.5,,1609,3YO+ CLM FM,FIRM,FINE,9
2025-02-25,TURF PARADISE,6,CHARLEY PAINTS,2,LUIS A. VALENZUELA,AKIFUMI KATO,9.5,1.0,1609,3YO+ CLM FM,FIRM,FINE,9
2025-02-25,TURF PARADISE,6,SHELBY SHORTSTOP,3,CARLOS MONTALVO,ALEXIS SILVA-MARTINEZ,0.0,,1609,3YO+ CLM FM,FIRM,FINE,9
2025-02-25,TURF PARADISE,6,INFINITE LOVE,3,MANUEL AMERICANO,ALEXIS SILVA-MARTINEZ,3.9,3.0,1609,3YO+ CLM FM,FIRM,FINE,9
2025-02-25,TURF PARADISE,6,DELUSIONAL DREAM,4,DAYLOR BERRIOS-LOP,"BENNIE L. WOOLLEY, JR.",26.0,,1609,3YO+ CLM FM,FIRM,FINE,9
2025-02-25,TURF PARADISE,6,SKY SAILING,5,ORLANDO MOJICA,ROBERTINO DIODORO,2.0,2.0,1609,3YO+ CLM FM,FIRM,FINE,9
2025-02-25,TURF PARADISE,6,ABOVE THE FOLD,6,ALEX M. CRUZ,JORGE ROSALES,7.0,,1609,3YO+ CLM FM,FIRM,FINE,9
2025-02-25,TURF PARADISE,6,TIA SUZI,7,LUIS R. REYES,KASEY KEMPER,26.0,,1609,3YO+ CLM FM,FIRM,FINE,9
2025-02-25,TURF PARADISE,6,LEIPZIG,8,KEVIN KRIGGER,JUAN PABLO SILVA,17.0,4.0,1609,3YO+ CLM FM,FIRM,FINE,9
2025-02-25,TURF PARADISE,7,RAILWAY,1,KEVIN KRIGGER,GONZALO ANDERSON,8.0,,1609,4YO+ CLM,FIRM,FINE,7
2025-02-25,TURF PARADISE,7,READY TO STORM,2,GUILLERMO RODRIGUE,TIMOTHY MARK GLEASON,4.4,4.0,1609,4YO+ CLM,FIRM,FINE,7
2025-02-25,TURF PARADISE,7,I'M NOBLE,3,JOSE BARNES,JOE TOYE,4.6,,1609,4YO+ CLM,FIRM,FINE,7
2025-02-25,TURF PARADISE,7,BODEMONSTER,4,JOSE MARIANO ASENC,RICK HEDGE,15.0,,1609,4YO+ CLM,FIRM,FINE,7
2025-02-25,TURF PARADISE,7,KEEN HEIR,5,KARLO LOPEZ,DAN L. MCFARLANE,2.6,1.0,1609,4YO+ CLM,FIRM,FINE,7
2025-02-25,TURF PARADISE,7,QUARTERBACK DAK,6,LUIS A. VALENZUELA,BARRY HODGSON,15.0,3.0,1609,4YO+ CLM,FIRM,FINE,7
2025-02-25,TURF PARADISE,7,STREET HUMOR,7,MANUEL AMERICANO,SCOTT TUBBS,3.0,2.0,1609,4YO+ CLM,FIRM,FINE,7
2025-02-25,TURF PARADISE,8,EL ALTO HOMBRE,1,LESLIE MAWING,LIZ KOWALSKI,23.0,,1308,4YO+ ALLOW OCLM,FIRM,FINE,7
2025-02-25,TURF PARADISE,8,MR. WHO,2,MANUEL AMERICANO,"JOSE SILVA, JR.",8.0,1.0,1308,4YO+ ALLOW OCLM,FIRM,FINE,7
2025-02-25,TURF PARADISE,8,TRUTH SEEKER,3,ALDO ARBOLEDA,RAFAEL S. BARRAZA,7.5,,1308,4YO+ ALLOW OCLM,FIRM,FINE,7
2025-02-25,TURF PARADISE,8,DIAMOND RIM,4,KARLO LOPEZ,DAN L. MCFARLANE,3.2,2.0,1308,4YO+ ALLOW OCLM,FIRM,FINE,7
2025-02-25,TURF PARADISE,8,ITSALLGOODMAN,5,ORLANDO MOJICA,GONZALO ANDERSON,8.5,4.0,1308,4YO+ ALLOW OCLM,FIRM,FINE,7
2025-02-25,TURF PARADISE,8,TENTH STREET DON,6,JOSE MARIANO ASENC,VALORIE LUND,15.0,,1308,4YO+ ALLOW OCLM,FIRM,FINE,7
2025-02-25,TURF PARADISE,8,BEARINGS,7,GUILLERMO RODRIGUE,JUSTIN R. EVANS,2.3,3.0,1308,4YO+ ALLOW OCLM,FIRM,FINE,7
2025-02-25,TURF PARADISE,9,COASTAL FOG,1,FRANCISCO GARCIA,DREW C. FULMER,12.0,,1106,4YO+ CLM,FIRM,FINE,10
2025-02-25,TURF PARADISE,9,STONE CARVER,2,ALLYSSA MORALES,GONZALO ANDERSON,12.0,,1106,4YO+ CLM,FIRM,FINE,10
2025-02-25,TURF PARADISE,9,CORN POP,3,KIAMAN MCGREGOR,JACK MCCARTNEY,5.5,,1106,4YO+ CLM,FIRM,FINE,10
2025-02-25,TURF PARADISE,9,ELECTROSTATIC,4,KEVIN KRIGGER,JUAN PABLO SILVA,13.0,2.0,1106,4YO+ CLM,FIRM,FINE,10
2025-02-25,TURF PARADISE,9,INCH,5,GLENN W. CORBETT,JUSTIN R. EVANS,5.5,4.0,1106,4YO+ CLM,FIRM,FINE,10
2025-02-25,TURF PARADISE,9,GROOVY HUEY,6,DANIEL P. VERGARA,KASEY KEMPER,6.0,1.0,1106,4YO+ CLM,FIRM,FINE,10
2025-02-25,TURF PARADISE,9,OUR BOLD PRINCE,7,CARLOS MONTALVO,GONZALO ANDERSON,9.5,3.0,1106,4YO+ CLM,FIRM,FINE,10
2025-02-25,TURF PARADISE,9,STAR ENTRY,8,KARLO LOPEZ,ALEXIS LEON,3.1,,1106,4YO+ CLM,FIRM,FINE,10
2025-02-25,TURF PARADISE,9,LET'S REJOYCE,9,MANUEL AMERICANO,JESUS J. URANGA,3.8,,1106,4YO+ CLM,FIRM,FINE,10
2025-02-25,TURF PARADISE,9,THEUNTOUCHABLEONE,10,JOSE BARNES,JOE TOYE,19.0,,1106,4YO+ CLM,FIRM,FINE,10
2025-02-25,ROCKHAMPTON,1,STORMIN' NORMAN,3,MCKENZIE APEL,Tom Smith,19.0,,1200,3YO MDN,GOOD4,OCAST,6
2025-02-25,ROCKHAMPTON,1,READY LIGHTLY,5,BROOKE JOHNSON,Glenda Bell,6.0,,1200,3YO MDN,GOOD4,OCAST,6
2025-02-25,ROCKHAMPTON,1,THREE TEES,6,GEORGINA CARTWRIGH,Tim Cook,8.0,2.0,1200,3YO MDN,GOOD4,OCAST,6
2025-02-25,ROCKHAMPTON,1,OFFANGO,4,ASHLEY BUTLER,Tom Smith,1.5,3.0,1200,3YO MDN,GOOD4,OCAST,6
2025-02-25,ROCKHAMPTON,1,HIGH MAGNITUDE,1,RAUL SILVERA OLIVE,Craig Reid,126.0,4.0,1200,3YO MDN,GOOD4,OCAST,6
2025-02-25,ROCKHAMPTON,1,BETTER ACRES,2,JUSTIN STANLEY,Tom Smith,6.5,1.0,1200,3YO MDN,GOOD4,OCAST,6
2025-02-25,ROCKHAMPTON,2,SUPER TALON,3,JUSTIN STANLEY,John O'Sing,2.4,,1400,MDN,GOOD4,OCAST,9
2025-02-25,ROCKHAMPTON,2,WARNA,2,ASHLEY BUTLER,Stuart Kendrick,2.4,2.0,1400,MDN,GOOD4,OCAST,9
2025-02-25,ROCKHAMPTON,2,SIDESHOW FRANKIE,6,MCKENZIE APEL,Darryl Johnston,13.0,,1400,MDN,GOOD4,OCAST,9
2025-02-25,ROCKHAMPTON,2,ZOULAR,8,GEORGINA CARTWRIGH,Stuart Kendrick,0.0,,1400,MDN,GOOD4,OCAST,9
2025-02-25,ROCKHAMPTON,2,CULTURAL SPIRIT,4,LIV O'DONNELL,Kerrod Smyth,5.5,1.0,1400,MDN,GOOD4,OCAST,9
2025-02-25,ROCKHAMPTON,2,LATIN LOVE,1,BROOKE JOHNSON,Robert Stenhouse,13.0,3.0,1400,MDN,GOOD4,OCAST,9
2025-02-25,ROCKHAMPTON,2,NEO DIAMOND,5,WARWICK SATHERLEY,Phillip Pengelly,41.0,,1400,MDN,GOOD4,OCAST,9
2025-02-25,ROCKHAMPTON,2,RIVERVIEW RED,6,CHRIS MCIVER,Bill Trimble,101.0,,1400,MDN,GOOD4,OCAST,9
2025-02-25,ROCKHAMPTON,2,TIME TO TURN,7,AMY GRAHAM,Bob Murray,12.0,4.0,1400,MDN,GOOD4,OCAST,9
2025-02-25,ROCKHAMPTON,3,CONSTANT FLIGHT,2,ASHLEY BUTLER,Tim Cook,7.5,,1200,OPEN,GOOD4,OCAST,7
2025-02-25,ROCKHAMPTON,3,LETMELETGO,6,MCKENZIE APEL,Nick Walsh,15.0,1.0,1200,OPEN,GOOD4,OCAST,7
2025-02-25,ROCKHAMPTON,3,MEDIA EMPIRE,3,AMY GRAHAM,Jason Morgan,0.0,,1200,OPEN,GOOD4,OCAST,7
2025-02-25,ROCKHAMPTON,3,FINE SHOT,1,JUSTIN STANLEY,Nick Walsh,1.55,2.0,1200,OPEN,GOOD4,OCAST,7
2025-02-25,ROCKHAMPTON,3,REAL KEY,4,CHRIS MCIVER,Mark Cochrane,41.0,4.0,1200,OPEN,GOOD4,OCAST,7
2025-02-25,ROCKHAMPTON,3,DOUBTING EYE,3,WARWICK SATHERLEY,Jason Morgan,3.4,3.0,1200,OPEN,GOOD4,OCAST,7
2025-02-25,ROCKHAMPTON,3,POET'S DAY,5,AMY GRAHAM,Peter Fleming,41.0,,1200,OPEN,GOOD4,OCAST,7
2025-02-25,ROCKHAMPTON,4,LENNY ROCKET,1,CHRIS MCIVER,Bill Trimble,81.0,,1200,3YO+ CL2,GOOD4,OCAST,9
2025-02-25,ROCKHAMPTON,4,MONEY MAN,5,JUSTIN STANLEY,Sileas Green,11.0,3.0,1200,3YO+ CL2,GOOD4,OCAST,9
2025-02-25,ROCKHAMPTON,4,PARADE GROUND,8,MCKENZIE APEL,Ricky Vale,0.0,,1200,3YO+ CL2,GOOD4,OCAST,9
2025-02-25,ROCKHAMPTON,4,VICTORY'S GHOST,6,GEORGINA CARTWRIGH,Garnett Taylor,5.0,4.0,1200,3YO+ CL2,GOOD4,OCAST,9
2025-02-25,ROCKHAMPTON,4,OUTBACK BANDIT,3,SEAN CORMACK,Will Johnston,3.0,2.0,1200,3YO+ CL2,GOOD4,OCAST,9
2025-02-25,ROCKHAMPTON,4,LIMERO,2,ASHLEY BUTLER,Stuart Kendrick,1.9,1.0,1200,3YO+ CL2,GOOD4,OCAST,9
2025-02-25,ROCKHAMPTON,4,OUTTA CONTROL,9,NOT NOTIFIED,Tim Cook,0.0,,1200,3YO+ CL2,GOOD4,OCAST,9
2025-02-25,ROCKHAMPTON,4,CASA FAGLIANO,4,WARWICK SATHERLEY,Glenda Bell,34.0,,1200,3YO+ CL2,GOOD4,OCAST,9
2025-02-25,ROCKHAMPTON,4,DISCOVERED GOLD,2,NOT NOTIFIED,Ricky Vale,0.0,,1200,3YO+ CL2,GOOD4,OCAST,9
2025-02-25,ROCKHAMPTON,5,SUNDARA,12,NIKKI OLZARD,Sileas Green,0.0,,1300,BM55,GOOD4,OCAST,12
2025-02-25,ROCKHAMPTON,5,CHANGE THE DEEL,2,GEORGINA CARTWRIGH,Stuart Kendrick,5.0,,1300,BM55,GOOD4,OCAST,12
2025-02-25,ROCKHAMPTON,5,ITZA MOTZA,11,NOT NOTIFIED,Stuart Kendrick,1.01,,1300,BM55,GOOD4,OCAST,12
2025-02-25,ROCKHAMPTON,5,MONEY MAN,8,NIKKI OLZARD,Sileas Green,0.0,,1300,BM55,GOOD4,OCAST,12
2025-02-25,ROCKHAMPTON,5,OUTTA CONTROL,7,ASHLEY BUTLER,Tim Cook,61.0,,1300,BM55,GOOD4,OCAST,12
2025-02-25,ROCKHAMPTON,5,BIG SHOOTER,3,LIV O'DONNELL,Kerrod Smyth,16.0,4.0,1300,BM55,GOOD4,OCAST,12
2025-02-25,ROCKHAMPTON,5,HOLY CROWN,6,SEAN CORMACK,Kale Sinclair,6.5,3.0,1300,BM55,GOOD4,OCAST,12
2025-02-25,ROCKHAMPTON,5,SWEET FANTASY,4,CHRIS MCIVER,Kevin Hansen,41.0,,1300,BM55,GOOD4,OCAST,12
2025-02-25,ROCKHAMPTON,5,PHANTOM FLIGHT,8,MCKENZIE APEL,Jim Lewis,41.0,1.0,1300,BM55,GOOD4,OCAST,12
2025-02-25,ROCKHAMPTON,5,RUN AWAY RENEE,5,JUSTIN STANLEY,Clinton Taylor,1.6,2.0,1300,BM55,GOOD4,OCAST,12
2025-02-25,ROCKHAMPTON,5,D'ESPRIT,1,BROOKE JOHNSON,Robert Stenhouse,9.0,,1300,BM55,GOOD4,OCAST,12
2025-02-25,ROCKHAMPTON,5,OUR HEART THROB,9,AMY GRAHAM,Tim Cook,81.0,,1300,BM55,GOOD4,OCAST,12
2025-02-25,FONTAINEBLEAU,1,COOPER DES ONGRAIS,1,QUENTIN DEFONTAINE,P. CHEMIN & C. HERPIN,8.0,,4600,6YO+ P2P CL3 H,SOFT,SHWRY,11
2025-02-25,FONTAINEBLEAU,1,ST REGIS OLIVIER,2,THOMAS BEAURAIN,JEROME ZULIANI,23.0,,4600,6YO+ P2P CL3 H,SOFT,SHWRY,11
2025-02-25,FONTAINEBLEAU,1,TENNESEE BASC,3,ANGELO ZULIANI,WILLIAM MENUET,6.0,,4600,6YO+ P2P CL3 H,SOFT,SHWRY,11
2025-02-25,FONTAINEBLEAU,1,JAZZY DU MESTIVEL,4,FELIX GILES,PATRICE QUINTON,9.0,,4600,6YO+ P2P CL3 H,SOFT,SHWRY,11
2025-02-25,FONTAINEBLEAU,1,MARE SOL,5,THOMAS JOURNIAC,ERWAN GRALL,19.0,,4600,6YO+ P2P CL3 H,SOFT,SHWRY,11
2025-02-25,FONTAINEBLEAU,1,JAZZ FESTIVAL,6,DYLAN LECOMTE,WILLIAM MENUET,17.0,4.0,4600,6YO+ P2P CL3 H,SOFT,SHWRY,11
2025-02-25,FONTAINEBLEAU,1,JADE DE LA ROQUE,7,MATHIS ZULIANI,JEROME ZULIANI,16.0,3.0,4600,6YO+ P2P CL3 H,SOFT,SHWRY,11
2025-02-25,FONTAINEBLEAU,1,KAP MY SUN,8,BENJAMIN CARON,THIERRY JOUIN,3.6,1.0,4600,6YO+ P2P CL3 H,SOFT,SHWRY,11
2025-02-25,FONTAINEBLEAU,1,HILLICO CONTI,9,KILIAN DUBOURG,CHRISTOPHE DUBOURG,3.3,2.0,4600,6YO+ P2P CL3 H,SOFT,SHWRY,11
2025-02-25,FONTAINEBLEAU,1,JOB D'ETE,10,LUCAS ZULIANI,SEBASTIEN ZULIANI,101.0,,4600,6YO+ P2P CL3 H,SOFT,SHWRY,11
2025-02-25,FONTAINEBLEAU,1,GOLDY LOUED,11,OLIVIER JOUIN,THIERRY JOUIN,19.0,,4600,6YO+ P2P CL3 H,SOFT,SHWRY,11
2025-02-25,FONTAINEBLEAU,2,KIRSEINEKO,1,RAPHAEL MAYEUR,ERWAN GRALL,12.0,3.0,3600,4-5YO STPLE CL3 FM,SOFT,SHWRY,7
2025-02-25,FONTAINEBLEAU,2,KADIJA,2,NATHANAEL FERREIRA,JEREMY DA SILVA,4.8,,3600,4-5YO STPLE CL3 FM,SOFT,SHWRY,7
2025-02-25,FONTAINEBLEAU,2,KHILIDA,3,ANTHONY RENARD,ANNE-SOPHIE PACAULT,41.0,,3600,4-5YO STPLE CL3 FM,SOFT,SHWRY,7
2025-02-25,FONTAINEBLEAU,2,KALAMATA,4,ANGELO ZULIANI,SEBASTIEN ZULIANI,5.5,,3600,4-5YO STPLE CL3 FM,SOFT,SHWRY,7
2025-02-25,FONTAINEBLEAU,2,KOOL AND GIRLY,5,BENJAMIN GELHAY,MATHIEU PITART,26.0,4.0,3600,4-5YO STPLE CL3 FM,SOFT,SHWRY,7
2025-02-25,FONTAINEBLEAU,2,LADY DU CHENET,6,LUDOVIC PHILIPPERO,MARCEL ROLLAND,1.95,2.0,3600,4-5YO STPLE CL3 FM,SOFT,SHWRY,7
2025-02-25,FONTAINEBLEAU,2,BELLALOLA,7,NICOLAS GAUFFENIC,N GEORGE & A ZETTERHOLM,5.5,1.0,3600,4-5YO STPLE CL3 FM,SOFT,SHWRY,7
2025-02-25,FONTAINEBLEAU,3,MARS ATTACK,1,ALEXIS GAUTRON,THOMAS VIEL,61.0,,3850,5YO+ CLM STPLE H,SOFT,SHWRY,10
2025-02-25,FONTAINEBLEAU,3,I CAN PATH,2,GAUVAIN FAIVRE-PIC,DAVIDE SATALIA,34.0,,3850,5YO+ CLM STPLE H,SOFT,SHWRY,10
2025-02-25,FONTAINEBLEAU,3,MEMORIES,3,LUCAS ZULIANI,H LAGENESTE & G MACAIRE,2.15,1.0,3850,5YO+ CLM STPLE H,SOFT,SHWRY,10
2025-02-25,FONTAINEBLEAU,3,MERKO,4,ROBERT LAW-EADIE,F BELLEMERE,126.0,,3850,5YO+ CLM STPLE H,SOFT,SHWRY,10
2025-02-25,FONTAINEBLEAU,3,STYLE DE WAY,5,QUENTIN GAIGNARD,ARNAUD CHAILLE-CHAILLE & FRANCOIS PAMART,6.5,2.0,3850,5YO+ CLM STPLE H,SOFT,SHWRY,10
2025-02-25,FONTAINEBLEAU,3,JAVELOT,6,THEO CHEVILLARD,GIADA MENATO,6.0,3.0,3850,5YO+ CLM STPLE H,SOFT,SHWRY,10
2025-02-25,FONTAINEBLEAU,3,WHY,7,LUCAS VANDAMME,DAVIDE SATALIA,5.5,,3850,5YO+ CLM STPLE H,SOFT,SHWRY,10
2025-02-25,FONTAINEBLEAU,3,JUPITER LE DUN,8,BENJAMIN GELHAY,MATHIEU PITART,6.0,,3850,5YO+ CLM STPLE H,SOFT,SHWRY,10
2025-02-25,FONTAINEBLEAU,3,GREEN WICH,9,VALENTIN MORIN,JEROMINE LE STANG,101.0,,3850,5YO+ CLM STPLE H,SOFT,SHWRY,10
2025-02-25,FONTAINEBLEAU,3,FLEURIEU,10,RAPHAEL MAYEUR,S DUFRESNE,19.0,4.0,3850,5YO+ CLM STPLE H,SOFT,SHWRY,10
2025-02-25,FONTAINEBLEAU,4,JUST A JOKE,1,LUCAS ZULIANI,SEBASTIEN ZULIANI,3.7,4.0,3800,5YO+ HDLE CL3 COND H,SOFT,SHWRY,9
2025-02-25,FONTAINEBLEAU,4,STINGO,2,LEO BRECHET,DANIELA MELE,1.01,,3800,5YO+ HDLE CL3 COND H,SOFT,SHWRY,9
2025-02-25,FONTAINEBLEAU,4,OSAXALINA,2,RAPHAEL MAYEUR,FREDERIC GELHAY,11.0,2.0,3800,5YO+ HDLE CL3 COND H,SOFT,SHWRY,9
2025-02-25,FONTAINEBLEAU,4,KONIAC WOOD,3,CHRIS POINCOT,F&P RENAUT & ADDA,17.0,3.0,3800,5YO+ HDLE CL3 COND H,SOFT,SHWRY,9
2025-02-25,FONTAINEBLEAU,4,SAINT SONNET,4,MAXIME BEHOCARAY,AUGUSTIN A. DE BOISBRUNET,4.2,,3800,5YO+ HDLE CL3 COND H,SOFT,SHWRY,9
2025-02-25,FONTAINEBLEAU,4,GUETTA,5,LUDOVIC PHILIPPERO,GIADA MENATO,7.0,,3800,5YO+ HDLE CL3 COND H,SOFT,SHWRY,9
2025-02-25,FONTAINEBLEAU,4,KAKO,6,ANGELO ZULIANI,MICKAEL SEROR,5.0,1.0,3800,5YO+ HDLE CL3 COND H,SOFT,SHWRY,9
2025-02-25,FONTAINEBLEAU,4,KAOLIN DU FENOIR,7,BAPTISTE CLERC,F BELLEMERE,71.0,,3800,5YO+ HDLE CL3 COND H,SOFT,SHWRY,9
2025-02-25,FONTAINEBLEAU,4,JETSEE,8,THOMAS BEAURAIN,ERWAN GRALL,4.0,,3800,5YO+ HDLE CL3 COND H,SOFT,SHWRY,9
2025-02-25,FONTAINEBLEAU,5,ESTURGEON BLEU,1,ELOUAN MEUNIER,PATRICE QUINTON,31.0,,3550,4YO CLM HDLE CG,SOFT,SHWRY,11
2025-02-25,FONTAINEBLEAU,5,BELLODAM,2,QUENTIN DEFONTAINE,H LAGENESTE & G MACAIRE,1.9,3.0,3550,4YO CLM HDLE CG,SOFT,SHWRY,11
2025-02-25,FONTAINEBLEAU,5,LEXINGTON DU SEUIL,3,THOMAS JOURNIAC,MICKAEL SEROR,10.0,2.0,3550,4YO CLM HDLE CG,SOFT,SHWRY,11
2025-02-25,FONTAINEBLEAU,5,SUPER BEND,4,CLEMENT GUITRAUD,LOUIS BAUDRON,4.4,1.0,3550,4YO CLM HDLE CG,SOFT,SHWRY,11
2025-02-25,FONTAINEBLEAU,5,PARWAZ,5,BASTIEN MARCHAND,DAVID WINDRIF,21.0,,3550,4YO CLM HDLE CG,SOFT,SHWRY,11
2025-02-25,FONTAINEBLEAU,5,CHEAP,6,AXEL LEPAGE,ERWAN GRALL,15.0,,3550,4YO CLM HDLE CG,SOFT,SHWRY,11
2025-02-25,FONTAINEBLEAU,5,ITALIAN FLIGHT,7,ALEXANDRE CHESNEAU,YANNICK FOUIN,6.0,4.0,3550,4YO CLM HDLE CG,SOFT,SHWRY,11
2025-02-25,FONTAINEBLEAU,5,LEGACY LINK,8,BENJAMIN GELHAY,FREDERIC GELHAY,71.0,,3550,4YO CLM HDLE CG,SOFT,SHWRY,11
2025-02-25,FONTAINEBLEAU,5,ANATOLE,9,NON PARTANT,JEAN BAUDRON,1.01,,3550,4YO CLM HDLE CG,SOFT,SHWRY,11
2025-02-25,FONTAINEBLEAU,5,LUTT MATTEN,9,THEO CHEVILLARD,GIADA MENATO,41.0,,3550,4YO CLM HDLE CG,SOFT,SHWRY,11
2025-02-25,FONTAINEBLEAU,5,LEONARDO DU LARGE,10,RAPHAEL MAYEUR,ERWAN GRALL,26.0,,3550,4YO CLM HDLE CG,SOFT,SHWRY,11
2025-02-25,FONTAINEBLEAU,6,PERLE DE BEAUVAIS,1,QUENTIN SAMARIA,LUIGI MACELI,126.0,,3550,4YO CLM HDLE F,SOFT,SHWRY,13
2025-02-25,FONTAINEBLEAU,6,LARWA,2,KEVIN NABET,MICKAEL SEROR,5.0,3.0,3550,4YO CLM HDLE F,SOFT,SHWRY,13
2025-02-25,FONTAINEBLEAU,6,LIGHT OF STAR,3,BERTRAND LESTRADE,JEREMY DA SILVA,7.5,2.0,3550,4YO CLM HDLE F,SOFT,SHWRY,13
2025-02-25,FONTAINEBLEAU,6,SUBLIME CHOPE,4,DYLAN UBEDA,P DOLLE,21.0,,3550,4YO CLM HDLE F,SOFT,SHWRY,13
2025-02-25,FONTAINEBLEAU,6,JOLY JIL,5,TITOUAN SPORLI,EMMANUEL CLAYEUX,51.0,,3550,4YO CLM HDLE F,SOFT,SHWRY,13
2025-02-25,FONTAINEBLEAU,6,LES FLOTS BLEUS,6,LUCAS VANDAMME,P BUTEL & JEAN-LUC BEAUNEZ,7.5,4.0,3550,4YO CLM HDLE F,SOFT,SHWRY,13
2025-02-25,FONTAINEBLEAU,6,SPRING WAY,7,THOMAS JOURNIAC,FABIEN LAGARDE,10.0,,3550,4YO CLM HDLE F,SOFT,SHWRY,13
2025-02-25,FONTAINEBLEAU,6,MALA'IKA,8,NON PARTANT,JEHAN BERTRAN DE BALANDA,0.0,,3550,4YO CLM HDLE F,SOFT,SHWRY,13
2025-02-25,FONTAINEBLEAU,6,AFTERTHOUGHT,8,DAMIEN THOMAS,LOUISA CARBERRY,34.0,,3550,4YO CLM HDLE F,SOFT,SHWRY,13
2025-02-25,FONTAINEBLEAU,6,ARISTOCRATIE,9,ALEXANDRE CHESNEAU,YANNICK FOUIN,31.0,,3550,4YO CLM HDLE F,SOFT,SHWRY,13
2025-02-25,FONTAINEBLEAU,6,TABASCO TIME,10,BRYONY FROST,H MORRISON,26.0,,3550,4YO CLM HDLE F,SOFT,SHWRY,13
2025-02-25,FONTAINEBLEAU,6,LA VANILLE,11,NICOLAS GAUFFENIC,N GEORGE & A ZETTERHOLM,2.0,1.0,3550,4YO CLM HDLE F,SOFT,SHWRY,13
2025-02-25,FONTAINEBLEAU,6,MARIE VA,12,KENEGAN DENIEL,MICKAEL SEROR,31.0,,3550,4YO CLM HDLE F,SOFT,SHWRY,13
2025-02-25,FONTAINEBLEAU,7,EL GADO,1,BRYONY FROST,F BELLEMERE,12.0,,3550,4YO HDLE CL4 CF,SOFT,SHWRY,16
2025-02-25,FONTAINEBLEAU,7,LUCKY ROQUE,2,GABIN MEUNIER,JULIEN MERIENNE,4.8,,3550,4YO HDLE CL4 CF,SOFT,SHWRY,16
2025-02-25,FONTAINEBLEAU,7,SOLIDE,3,BASTIEN MARCHAND,DAVID WINDRIF,41.0,4.0,3550,4YO HDLE CL4 CF,SOFT,SHWRY,16
2025-02-25,FONTAINEBLEAU,7,BLACK MARVEL,4,RAPHAEL MAYEUR,S DUFRESNE,34.0,,3550,4YO HDLE CL4 CF,SOFT,SHWRY,16
2025-02-25,FONTAINEBLEAU,7,NEW KASTLE,5,MAXIME BEHOCARAY,AUGUSTIN A. DE BOISBRUNET,18.0,,3550,4YO HDLE CL4 CF,SOFT,SHWRY,16
2025-02-25,FONTAINEBLEAU,7,TOUZ THE CROWN,6,CHRISTOPHER RIOU,JEROME DELAUNAY,15.0,2.0,3550,4YO HDLE CL4 CF,SOFT,SHWRY,16
2025-02-25,FONTAINEBLEAU,7,DABASIR,7,THEO CHEVILLARD,GIADA MENATO,26.0,,3550,4YO HDLE CL4 CF,SOFT,SHWRY,16
2025-02-25,FONTAINEBLEAU,7,LARCIN,8,DYLAN UBEDA,JULIEN PHELIPPON,8.5,,3550,4YO HDLE CL4 CF,SOFT,SHWRY,16
2025-02-25,FONTAINEBLEAU,7,MR KODIAC,9,LUCAS ZULIANI,H LAGENESTE & G MACAIRE,7.0,,3550,4YO HDLE CL4 CF,SOFT,SHWRY,16
2025-02-25,FONTAINEBLEAU,7,LADY DU SEUIL,10,KEVIN NABET,MICKAEL SEROR,9.0,,3550,4YO HDLE CL4 CF,SOFT,SHWRY,16
2025-02-25,FONTAINEBLEAU,7,GIVRY,11,TANGUY ANDRIEUX,MARCEL ROLLAND,41.0,,3550,4YO HDLE CL4 CF,SOFT,SHWRY,16
2025-02-25,FONTAINEBLEAU,7,VICTORY FIELD,12,TITOUAN SPORLI,EMMANUEL CLAYEUX,26.0,,3550,4YO HDLE CL4 CF,SOFT,SHWRY,16
2025-02-25,FONTAINEBLEAU,7,L'AMIE PRODIGIEUSE,13,ALEXANDRE CHESNEAU,YANNICK FOUIN,41.0,,3550,4YO HDLE CL4 CF,SOFT,SHWRY,16
2025-02-25,FONTAINEBLEAU,7,NATURAL SPIRIT,14,BAPTISTE CLERC,YANNICK FOUIN,17.0,3.0,3550,4YO HDLE CL4 CF,SOFT,SHWRY,16
2025-02-25,FONTAINEBLEAU,7,HIGHBOURNEDYNAMITE,15,LUDOVIC PHILIPPERO,MARCEL ROLLAND,6.0,1.0,3550,4YO HDLE CL4 CF,SOFT,SHWRY,16
2025-02-25,FONTAINEBLEAU,7,ECHALLE,16,QUENTIN GAIGNARD,ARNAUD CHAILLE-CHAILLE & FRANCOIS PAMART,16.0,,3550,4YO HDLE CL4 CF,SOFT,SHWRY,16
2025-02-25,LEICESTER,1,DARK MIX,1,PAUL O'BRIEN,MRS P SLY,11.0,2.0,4046,5YO+ CHSE HCP C5,HEAVY,OCAST,5
2025-02-25,LEICESTER,1,RIVER RUN FREE,2,JACK TUDOR,D PIPE,1.28,4.0,4046,5YO+ CHSE HCP C5,HEAVY,OCAST,5
2025-02-25,LEICESTER,1,ULTRA VIERS,3,HARRY BANNISTER,P TAYLOR,26.0,,4046,5YO+ CHSE HCP C5,HEAVY,OCAST,5
2025-02-25,LEICESTER,1,FINE INVESTMENT,4,TOM BROUGHTON,F BRENNAN,19.0,3.0,4046,5YO+ CHSE HCP C5,HEAVY,OCAST,5
2025-02-25,LEICESTER,1,EVERYONESACRITIC,5,ADAM WEDGE,EVAN WILLIAMS,5.0,1.0,4046,5YO+ CHSE HCP C5,HEAVY,OCAST,5
2025-02-25,LEICESTER,2,MIXEDWAVE,1,PAUL O'BRIEN,MRS P SLY,6.0,,4563,5YO+ CHSE HCP C5,HEAVY,OCAST,5
2025-02-25,LEICESTER,2,JUMPER MADRIK,2,R P MCLERNON,C E LONGSDON,2.15,3.0,4563,5YO+ CHSE HCP C5,HEAVY,OCAST,5
2025-02-25,LEICESTER,2,NINE NINE NINE,3,CONOR RING,S-J DAVIES,6.5,2.0,4563,5YO+ CHSE HCP C5,HEAVY,OCAST,5
2025-02-25,LEICESTER,2,COAL FIRE,4,CHARLIE PRICE,R L LLEWELLYN,5.0,4.0,4563,5YO+ CHSE HCP C5,HEAVY,OCAST,5
2025-02-25,LEICESTER,2,RONNIES REFLECTION,5,J M QUINLAN,B I CASE,5.0,1.0,4563,5YO+ CHSE HCP C5,HEAVY,OCAST,5
2025-02-25,LEICESTER,3,TILLY TOUGHNUT,1,SAM TWISTON-DAVIES,H D DALY,7.5,4.0,4046,5YO+ CHSE HCP C5 M,HEAVY,OCAST,5
2025-02-25,LEICESTER,3,OVERABOTTLEOFRED,2,DAVID NOONAN,T R GRETTON,2.8,2.0,4046,5YO+ CHSE HCP C5 M,HEAVY,OCAST,5
2025-02-25,LEICESTER,3,LADY PRETENDER,3,CHARLIE DEUTSCH,MISS V WILLIAMS,3.1,3.0,4046,5YO+ CHSE HCP C5 M,HEAVY,OCAST,5
2025-02-25,LEICESTER,3,SHESUPINCOURT,4,BENJAMIN POSTE,R POTTER,3.0,1.0,4046,5YO+ CHSE HCP C5 M,HEAVY,OCAST,5
2025-02-25,LEICESTER,3,NANCY TILL,5,TABITHA WORSLEY,M YOUNG,51.0,,4046,5YO+ CHSE HCP C5 M,HEAVY,OCAST,5
2025-02-25,LEICESTER,4,DO YOUR JOB,1,DAVID BASS,C E LONGSDON,7.0,3.0,3201,5YO+ CHSE HCP C4,HEAVY,OCAST,4
2025-02-25,LEICESTER,4,MR GREY SKY,2,THOMAS BELLAMY,K BAILEY & M NICHOLLS,4.6,1.0,3201,5YO+ CHSE HCP C4,HEAVY,OCAST,4
2025-02-25,LEICESTER,4,DIAMOND DICE,3,JONJO O'NEILL JR.,J & A O'NEILL,2.25,,3201,5YO+ CHSE HCP C4,HEAVY,OCAST,4
2025-02-25,LEICESTER,4,LUCKY LUGGER,4,R PATRICK,M SHEPPARD,2.8,2.0,3201,5YO+ CHSE HCP C4,HEAVY,OCAST,4
2025-02-25,LEICESTER,5,FOR ONE NIGHT ONLY,1,HUW EDWARDS,FRED TIMMIS,6.0,3.0,4046,6YO+ CHSE MDN C5,HEAVY,OCAST,5
2025-02-25,LEICESTER,5,IMPORTANT NOTICE,2,JOSHUA NEWMAN,J NEWMAN,3.0,,4046,6YO+ CHSE MDN C5,HEAVY,OCAST,5
2025-02-25,LEICESTER,5,PYLEIGH COURT,2,ELLA HERBISON,R PUDD,3.0,1.0,4046,6YO+ CHSE MDN C5,HEAVY,OCAST,5
2025-02-25,LEICESTER,5,WALLACE OLINGER,3,D PETERS,D PETERS,1.55,2.0,4046,6YO+ CHSE MDN C5,HEAVY,OCAST,5
2025-02-25,LEICESTER,5,FINE DINING,4,T HUTSBY,F HUTSBY,51.0,4.0,4046,6YO+ CHSE MDN C5,HEAVY,OCAST,5
2025-02-25,LEICESTER,6,AUTONOMOUS CLOUD,1,H D O'DWYER,F O'BRIEN,5.0,2.0,4563,6YO+ CHSE C3,HEAVY,OCAST,8
2025-02-25,LEICESTER,6,BENNYS KING,2,HEIDI PALIN,D SKELTON,5.5,1.0,4563,6YO+ CHSE C3,HEAVY,OCAST,8
2025-02-25,LEICESTER,6,D'JANGO,3,TOBY MCCAIN-MITCHE,MISS V COLLINS,34.0,4.0,4563,6YO+ CHSE C3,HEAVY,OCAST,8
2025-02-25,LEICESTER,6,GRACCHUS DE BALME,4,HUW EDWARDS,J J O'SHEA,2.2,,4563,6YO+ CHSE C3,HEAVY,OCAST,8
2025-02-25,LEICESTER,6,REBEL DAWN RISING,5,D PETERS,D KEMP,12.0,,4563,6YO+ CHSE C3,HEAVY,OCAST,8
2025-02-25,LEICESTER,6,GIVEGA,6,NOT NOTIFIED,L MORGAN,0.0,,4563,6YO+ CHSE C3,HEAVY,OCAST,8
2025-02-25,LEICESTER,6,BOTHWELL BRIDGE,6,ELLIE CALLWOOD,MISS KELLY MORGAN,14.0,3.0,4563,6YO+ CHSE C3,HEAVY,OCAST,8
2025-02-25,LEICESTER,6,LORD DU MESNIL,7,D MAXWELL,R HOBSON,4.8,,4563,6YO+ CHSE C3,HEAVY,OCAST,8
2025-02-25,CATTERICK BRIDGE,1,TARBAT NESS,1,ALICE STEVENS,JOHN BERRY,11.0,,3882,4YO+ HDLE HCP C5,SOFT,FINE,8
2025-02-25,CATTERICK BRIDGE,1,LES'S LEGACY,2,NATASHA COOKSON,S CORBETT,6.5,4.0,3882,4YO+ HDLE HCP C5,SOFT,FINE,8
2025-02-25,CATTERICK BRIDGE,1,THRONE HALL,3,BRODIE HAMPSON,A WATSON,51.0,,3882,4YO+ HDLE HCP C5,SOFT,FINE,8
2025-02-25,CATTERICK BRIDGE,1,PRESENT FAIR,4,GINA ANDREWS,D MCCAIN JNR,11.0,3.0,3882,4YO+ HDLE HCP C5,SOFT,FINE,8
2025-02-25,CATTERICK BRIDGE,1,BE THE DIFFERENCE,5,EMMA SMITH-CHASTON,P A KIRBY,7.5,2.0,3882,4YO+ HDLE HCP C5,SOFT,FINE,8
2025-02-25,CATTERICK BRIDGE,1,KNACKER TRAPPER,6,LOIS TEAL,A CROOK,12.0,,3882,4YO+ HDLE HCP C5,SOFT,FINE,8
2025-02-25,CATTERICK BRIDGE,1,UPFORDEBATE,7,LILY PINCHIN,P NEVILLE,3.2,,3882,4YO+ HDLE HCP C5,SOFT,FINE,8
2025-02-25,CATTERICK BRIDGE,1,QUIAN,8,FERN O'BRIEN,LIZZIE QUINLAN,2.9,1.0,3882,4YO+ HDLE HCP C5,SOFT,FINE,8
2025-02-25,CATTERICK BRIDGE,2,TREATY BOY,1,SAM COLTHERD,W COLTHERD,3.1,1.0,3150,5YO+ CHSE HCP C5,SOFT,FINE,8
2025-02-25,CATTERICK BRIDGE,2,FEARLESS ACTION,2,DANNY MCMENAMIN,C GRANT,8.0,3.0,3150,5YO+ CHSE HCP C5,SOFT,FINE,8
2025-02-25,CATTERICK BRIDGE,2,BEAT THE EDGE,3,EMMA SMITH-CHASTON,MICKY HAMMOND,4.8,,3150,5YO+ CHSE HCP C5,SOFT,FINE,8
2025-02-25,CATTERICK BRIDGE,2,MY PORTIA,4,B S HUGHES,L MORGAN,3.7,,3150,5YO+ CHSE HCP C5,SOFT,FINE,8
2025-02-25,CATTERICK BRIDGE,2,HAZARD COLLONGES,5,NOT NOTIFIED,G HANMER,0.0,,3150,5YO+ CHSE HCP C5,SOFT,FINE,8
2025-02-25,CATTERICK BRIDGE,2,ZARA'S UNIVERSE,5,JOE WILLIAMSON,A CROOK,16.0,2.0,3150,5YO+ CHSE HCP C5,SOFT,FINE,8
2025-02-25,CATTERICK BRIDGE,2,FATHERS ADVICE,6,BEN SMITH,R M SMITH,4.8,4.0,3150,5YO+ CHSE HCP C5,SOFT,FINE,8
2025-02-25,CATTERICK BRIDGE,2,EDMOND DANTES,7,WILLIAM MAGGS,F P MURTAGH,51.0,,3150,5YO+ CHSE HCP C5,SOFT,FINE,8
2025-02-25,CATTERICK BRIDGE,3,BALLYVANGO,1,S BOWEN,M KEIGHLEY,1.9,1.0,3160,4YO+ HDLE MDN C4,SOFT,FINE,11
2025-02-25,CATTERICK BRIDGE,3,MACHO SUN,2,CONOR RABBITT,M E SOWERSBY,251.0,,3160,4YO+ HDLE MDN C4,SOFT,FINE,11
2025-02-25,CATTERICK BRIDGE,3,MAFIA POWER,3,HENRY BROOKE,P NEVILLE,101.0,4.0,3160,4YO+ HDLE MDN C4,SOFT,FINE,11
2025-02-25,CATTERICK BRIDGE,3,MYTHICAL,4,TOM MIDGLEY,S WHITAKER,251.0,,3160,4YO+ HDLE MDN C4,SOFT,FINE,11
2025-02-25,CATTERICK BRIDGE,3,NEVER SEEN AGAIN,5,JAMES BEST,MRS S J HUMPHREY,61.0,,3160,4YO+ HDLE MDN C4,SOFT,FINE,11
2025-02-25,CATTERICK BRIDGE,3,SOLENT GATEWAY,6,B S HUGHES,D MCCAIN JNR,9.0,3.0,3160,4YO+ HDLE MDN C4,SOFT,FINE,11
2025-02-25,CATTERICK BRIDGE,3,THE LAST CLOUD,7,LEE EDWARDS,P NEVILLE,16.0,2.0,3160,4YO+ HDLE MDN C4,SOFT,FINE,11
2025-02-25,CATTERICK BRIDGE,3,FLORITA,8,JONATHAN ENGLAND,S ENGLAND,251.0,,3160,4YO+ HDLE MDN C4,SOFT,FINE,11
2025-02-25,CATTERICK BRIDGE,3,STELLARMASTERPIECE,9,C O'FARRELL,MICKY HAMMOND,251.0,,3160,4YO+ HDLE MDN C4,SOFT,FINE,11
2025-02-25,CATTERICK BRIDGE,3,LIKLEMAN,10,BRUCE LYNN,S G WEST,201.0,,3160,4YO+ HDLE MDN C4,SOFT,FINE,11
2025-02-25,CATTERICK BRIDGE,3,SPACEPORT,11,STAN SHEPPARD,T LACEY,2.1,,3160,4YO+ HDLE MDN C4,SOFT,FINE,11
2025-02-25,CATTERICK BRIDGE,4,CLASSIC MAESTRO,1,LUKE SCOTT,J CANDLISH,1.75,3.0,3868,5YO+ CHSE HCP C3,SOFT,FINE,4
2025-02-25,CATTERICK BRIDGE,4,NOT STAYING LONG,2,HENRY BROOKE,P NEVILLE,3.8,2.0,3868,5YO+ CHSE HCP C3,SOFT,FINE,4
2025-02-25,CATTERICK BRIDGE,4,MATCHLESS,3,SEAN QUINLAN,J CANDLISH,9.0,,3868,5YO+ CHSE HCP C3,SOFT,FINE,4
2025-02-25,CATTERICK BRIDGE,4,MASTER BREFFNI,4,C O'FARRELL,MICKY HAMMOND,3.6,1.0,3868,5YO+ CHSE HCP C3,SOFT,FINE,4
2025-02-25,CATTERICK BRIDGE,5,EAST STREET,1,JAMIE BRACE,JAMES OWEN,12.0,4.0,5078,5YO+ CHSE HCP C4,SOFT,FINE,7
2025-02-25,CATTERICK BRIDGE,5,FROM THE ASHES,2,P BYRNES,C BYRNES,2.5,2.0,5078,5YO+ CHSE HCP C4,SOFT,FINE,7
2025-02-25,CATTERICK BRIDGE,5,BREAKDANCE KID,3,SAM COLTHERD,W COLTHERD,11.0,,5078,5YO+ CHSE HCP C4,SOFT,FINE,7
2025-02-25,CATTERICK BRIDGE,5,ONE MORE STROKE,4,B S HUGHES,D MCCAIN JNR,6.5,3.0,5078,5YO+ CHSE HCP C4,SOFT,FINE,7
2025-02-25,CATTERICK BRIDGE,5,BROKEN ICE,5,S BOWEN,J C MCCONNELL,26.0,,5078,5YO+ CHSE HCP C4,SOFT,FINE,7
2025-02-25,CATTERICK BRIDGE,5,POETRY MAN,6,JONATHON BEWLEY,G BEWLEY,2.6,,5078,5YO+ CHSE HCP C4,SOFT,FINE,7
2025-02-25,CATTERICK BRIDGE,5,SEAN OG,7,HENRY BROOKE,MRS DIANNE SAYER,7.5,1.0,5078,5YO+ CHSE HCP C4,SOFT,FINE,7
2025-02-25,CATTERICK BRIDGE,6,CLONDAW ROYALE,1,BENJAMIN MACEY,J & A O'NEILL,5.5,3.0,5094,4YO+ HDLE HCP C4,SOFT,FINE,11
2025-02-25,CATTERICK BRIDGE,6,VELASCO,2,NATHAN MOSCROP,S CORBETT,18.0,,5094,4YO+ HDLE HCP C4,SOFT,FINE,11
2025-02-25,CATTERICK BRIDGE,6,TOWNHILL,3,BEN SUTTON,T LACEY,23.0,,5094,4YO+ HDLE HCP C4,SOFT,FINE,11
2025-02-25,CATTERICK BRIDGE,6,GROVE ROAD,4,JAMIE BRACE,JAMES OWEN,11.0,4.0,5094,4YO+ HDLE HCP C4,SOFT,FINE,11
2025-02-25,CATTERICK BRIDGE,6,FINAL EDGAR,5,JONATHAN ENGLAND,M WALFORD,10.0,,5094,4YO+ HDLE HCP C4,SOFT,FINE,11
2025-02-25,CATTERICK BRIDGE,6,ASA,6,JOE WILLIAMSON,P A KIRBY,2.7,,5094,4YO+ HDLE HCP C4,SOFT,FINE,11
2025-02-25,CATTERICK BRIDGE,6,ROMEO BROWN,7,PETER KAVANAGH,J PARKINSON & S SMITH,12.0,,5094,4YO+ HDLE HCP C4,SOFT,FINE,11
2025-02-25,CATTERICK BRIDGE,6,FOREST BLAZE,8,JAMIE HAMILTON,M WALFORD,4.6,,5094,4YO+ HDLE HCP C4,SOFT,FINE,11
2025-02-25,CATTERICK BRIDGE,6,KING CASEY,9,B S HUGHES,MISS J E FOSTER,151.0,,5094,4YO+ HDLE HCP C4,SOFT,FINE,11
2025-02-25,CATTERICK BRIDGE,6,BOLLIN NEIL,10,WILLIAM EASTERBY,T D EASTERBY,61.0,1.0,5094,4YO+ HDLE HCP C4,SOFT,FINE,11
2025-02-25,CATTERICK BRIDGE,6,RUMBLE B,11,LEWIS DOBB,JUSTIN LANDY,13.0,2.0,5094,4YO+ HDLE HCP C4,SOFT,FINE,11
2025-02-25,CAGNES SUR MER,1,ALWAYS WELCOME,5,MAXIME GUYON,LOUIS BAUDRON,3.8,,2400,4YO+ HCP CL2,SOFT,OCAST,16
2025-02-25,CAGNES SUR MER,1,SUNFAST,7,EDDY HARDOUIN,YOANN BONNEFOY,7.5,,2400,4YO+ HCP CL2,SOFT,OCAST,16
2025-02-25,CAGNES SUR MER,1,VILLAGE ANGLAIS,12,STEPHANE PASQUIER,NICOLAS PERRET,7.5,,2400,4YO+ HCP CL2,SOFT,OCAST,16
2025-02-25,CAGNES SUR MER,1,USER KINDLY,3,MARVIN GRANDIN,CHRISTOPHE ESCUDER,19.0,,2400,4YO+ HCP CL2,SOFT,OCAST,16
2025-02-25,CAGNES SUR MER,1,MORSAN,2,HUGO BOUTIN,CEDRIC BOUTIN,5.0,1.0,2400,4YO+ HCP CL2,SOFT,OCAST,16
2025-02-25,CAGNES SUR MER,1,LET THERE BE ROCK,1,CLEMENT LECOEUVRE,YOANN BONNEFOY,17.0,2.0,2400,4YO+ HCP CL2,SOFT,OCAST,16
2025-02-25,CAGNES SUR MER,1,WUKHANN,9,DELPHINE SANTIAGO,JESS PARIZE,31.0,,2400,4YO+ HCP CL2,SOFT,OCAST,16
2025-02-25,CAGNES SUR MER,1,GIRAFFE,13,HUGO BESNIER,PATRICE COTTIER,13.0,,2400,4YO+ HCP CL2,SOFT,OCAST,16
2025-02-25,CAGNES SUR MER,1,ALICANTO,6,MATHIEU CALBRIX,FLAVIE BRESSON,16.0,,2400,4YO+ HCP CL2,SOFT,OCAST,16
2025-02-25,CAGNES SUR MER,1,VAZIRPOUR,11,MILAN ZATLOUKAL,JANA MANOVA,101.0,,2400,4YO+ HCP CL2,SOFT,OCAST,16
2025-02-25,CAGNES SUR MER,1,TURANIA,8,ANTHONY CRASTUS,NICOLAS CAULLERY,23.0,,2400,4YO+ HCP CL2,SOFT,OCAST,16
2025-02-25,CAGNES SUR MER,1,SPANISH LIGHT,15,MAXIME FOULON,ROBERTO C. MONTENEGRO,51.0,,2400,4YO+ HCP CL2,SOFT,OCAST,16
2025-02-25,CAGNES SUR MER,1,NARCOS,4,MICHAEL FOREST,ADELAIDE BUDKA,41.0,3.0,2400,4YO+ HCP CL2,SOFT,OCAST,16
2025-02-25,CAGNES SUR MER,1,ONE POINT,14,CRISTIAN DEMURO,DIDIER & PAULINE PROD'HOMME,17.0,4.0,2400,4YO+ HCP CL2,SOFT,OCAST,16
2025-02-25,CAGNES SUR MER,1,ASPEN,16,MICKAELLE MICHEL,REMI FRADET,71.0,,2400,4YO+ HCP CL2,SOFT,OCAST,16
2025-02-25,CAGNES SUR MER,1,KING ZARAK,10,MARIE VELON,MANON SCANDELLA-LACAILLE,14.0,,2400,4YO+ HCP CL2,SOFT,OCAST,16
2025-02-25,CAGNES SUR MER,2,TOVABIEN,7,GABRIELE CONGIU,ELAURYNE CURY,101.0,,2150,3YO MDN F,SOFT,OCAST,7
2025-02-25,CAGNES SUR MER,2,GINALYAH,3,THEO BACHELOT,JEROME ANDREU,3.1,1.0,2150,3YO MDN F,SOFT,OCAST,7
2025-02-25,CAGNES SUR MER,2,BELLA VITA,4,STEPHANE PASQUIER,DIDIER & PAULINE PROD'HOMME,11.0,2.0,2150,3YO MDN F,SOFT,OCAST,7
2025-02-25,CAGNES SUR MER,2,THORGALLE,2,HUGO BOUTIN,RICHARD CHOTARD,11.0,3.0,2150,3YO MDN F,SOFT,OCAST,7
2025-02-25,CAGNES SUR MER,2,VENDOMYA,1,MATHIEU CALBRIX,FLAVIE BRESSON,71.0,,2150,3YO MDN F,SOFT,OCAST,7
2025-02-25,CAGNES SUR MER,2,DALYNSKA,5,CRISTIAN DEMURO,JEAN-CLAUDE ROUGET,1.5,4.0,2150,3YO MDN F,SOFT,OCAST,7
2025-02-25,CAGNES SUR MER,2,BLANCHE SACREE,6,HUGO BESNIER,PATRICE COTTIER,23.0,,2150,3YO MDN F,SOFT,OCAST,7
2025-02-25,CAGNES SUR MER,3,HERMES WOOD,6,MAXIME GUYON,NICOLAS PERRET,5.5,,2000,3YO CL2,SOFT,OCAST,6
2025-02-25,CAGNES SUR MER,3,GOOD SPEED,5,CLEMENT LECOEUVRE,MATHIEU PITART,8.0,2.0,2000,3YO CL2,SOFT,OCAST,6
2025-02-25,CAGNES SUR MER,3,WAKA WAKA,3,ANTONIO ORANI,JEROME REYNIER,1.85,1.0,2000,3YO CL2,SOFT,OCAST,6
2025-02-25,CAGNES SUR MER,3,BEAUTIFUL MESS,1,CRISTIAN DEMURO,JEAN-CLAUDE ROUGET,3.4,4.0,2000,3YO CL2,SOFT,OCAST,6
2025-02-25,CAGNES SUR MER,3,LADY VITESSE,2,HUGO BOUTIN,RICHARD CHOTARD,34.0,3.0,2000,3YO CL2,SOFT,OCAST,6
2025-02-25,CAGNES SUR MER,3,LAFORMUL SANSOUCI,4,BENJAMIN MARIE,CEDRIC BOUTIN,51.0,,2000,3YO CL2,SOFT,OCAST,6
2025-02-25,CAGNES SUR MER,4,CARQUEIRANNE,5,MICKAELLE MICHEL,ELAURYNE CURY,51.0,,2150,3YO MDN CG,SOFT,OCAST,10
2025-02-25,CAGNES SUR MER,4,SAWAF,1,FRIDA VALLE SKAR,RACHEL PHILIPPON,61.0,,2150,3YO MDN CG,SOFT,OCAST,10
2025-02-25,CAGNES SUR MER,4,ATAMAK,6,HUGO BESNIER,ELIAS MIKHALIDES,26.0,2.0,2150,3YO MDN CG,SOFT,OCAST,10
2025-02-25,CAGNES SUR MER,4,LOUIS OTHON,7,MARVIN GRANDIN,JEAN-CLAUDE ROUGET,1.7,3.0,2150,3YO MDN CG,SOFT,OCAST,10
2025-02-25,CAGNES SUR MER,4,MIGUELITO,4,CLEMENT LECOEUVRE,REMI FRADET,10.0,,2150,3YO MDN CG,SOFT,OCAST,10
2025-02-25,CAGNES SUR MER,4,MAYAMAR,8,BENJAMIN MARIE,JULIEN CARAYON,11.0,4.0,2150,3YO MDN CG,SOFT,OCAST,10
2025-02-25,CAGNES SUR MER,4,THE PLOT,9,EDDY HARDOUIN,CHRISTOPHE ESCUDER,34.0,,2150,3YO MDN CG,SOFT,OCAST,10
2025-02-25,CAGNES SUR MER,4,KLYCOT,3,STEPHANE PASQUIER,NICOLAS PERRET,3.9,1.0,2150,3YO MDN CG,SOFT,OCAST,10
2025-02-25,CAGNES SUR MER,4,CANNOLO,2,ANTHONY CRASTUS,CHRISTOPHE ESCUDER,10.0,,2150,3YO MDN CG,SOFT,OCAST,10
2025-02-25,CAGNES SUR MER,4,PANTHER,4,MILAN ZATLOUKAL,JANA MANOVA,1.01,,2150,3YO MDN CG,SOFT,OCAST,10
2025-02-25,CAGNES SUR MER,5,MISS WOO WOO,7,DELPHINE SANTIAGO,JESS PARIZE,34.0,,1300,4YO+ HCP CL3,SOFT,OCAST,14
2025-02-25,CAGNES SUR MER,5,LE CENTRAL,11,LORETTE GALLO,MATHIEU BOUTIN,4.6,2.0,1300,4YO+ HCP CL3,SOFT,OCAST,14
2025-02-25,CAGNES SUR MER,5,PACO,12,BENJAMIN MARIE,STEFAN RICHTER,19.0,,1300,4YO+ HCP CL3,SOFT,OCAST,14
2025-02-25,CAGNES SUR MER,5,HINAT,9,CLEMENT LECOEUVRE,ELIAS MIKHALIDES,34.0,,1300,4YO+ HCP CL3,SOFT,OCAST,14
2025-02-25,CAGNES SUR MER,5,ANTICO,13,ANTONIO ORANI,CEDRIC BOUTIN,51.0,,1300,4YO+ HCP CL3,SOFT,OCAST,14
2025-02-25,CAGNES SUR MER,5,PURPLE RAIN,1,MAXIME GUYON,CHRISTOPHE ESCUDER,5.5,4.0,1300,4YO+ HCP CL3,SOFT,OCAST,14
2025-02-25,CAGNES SUR MER,5,SWEET AS,2,HUGO BOUTIN,MATHIEU BOUTIN,3.2,1.0,1300,4YO+ HCP CL3,SOFT,OCAST,14
2025-02-25,CAGNES SUR MER,5,PINK VALENTINE,5,MANON GERMAIN,MATHIEU BOUTIN,12.0,3.0,1300,4YO+ HCP CL3,SOFT,OCAST,14
2025-02-25,CAGNES SUR MER,5,RUN FOR HOME,4,THEO BACHELOT,STEFAN RICHTER,81.0,,1300,4YO+ HCP CL3,SOFT,OCAST,14
2025-02-25,CAGNES SUR MER,5,BUTI,14,MARIE VELON,CHRISTOPHE ESCUDER,21.0,,1300,4YO+ HCP CL3,SOFT,OCAST,14
2025-02-25,CAGNES SUR MER,5,MOWAEVA,10,MICKAELLE MICHEL,MATHIEU BOUTIN,23.0,,1300,4YO+ HCP CL3,SOFT,OCAST,14
2025-02-25,CAGNES SUR MER,5,SO GOLD,6,FRIDA VALLE SKAR,FABIAN X WEISSMEIER,10.0,,1300,4YO+ HCP CL3,SOFT,OCAST,14
2025-02-25,CAGNES SUR MER,5,COTAI HERO,3,GIOELE GUNGUI,GIAMPAOLO LUISI,101.0,,1300,4YO+ HCP CL3,SOFT,OCAST,14
2025-02-25,CAGNES SUR MER,5,WHY CHOPE,8,EDDY HARDOUIN,JESS PARIZE,9.0,,1300,4YO+ HCP CL3,SOFT,OCAST,14
2025-02-25,CAGNES SUR MER,6,ZILCOVER,9,ESTHER WEISSMEIER,FABIAN X WEISSMEIER,5.0,,2400,4YO+ HCP CL3,SOFT,OCAST,16
2025-02-25,CAGNES SUR MER,6,LAGOONE CHOPE,7,MANON GERMAIN,FRANCK FORESI,41.0,,2400,4YO+ HCP CL3,SOFT,OCAST,16
2025-02-25,CAGNES SUR MER,6,BREATH OF FIRE,3,FRIDA VALLE SKAR,CHRISTOPHE MARTINON,5.0,,2400,4YO+ HCP CL3,SOFT,OCAST,16
2025-02-25,CAGNES SUR MER,6,VINO,6,CLEMENT LECOEUVRE,YOANN BONNEFOY,31.0,,2400,4YO+ HCP CL3,SOFT,OCAST,16
2025-02-25,CAGNES SUR MER,6,VOILA POURQUOI,13,STEPHANE PASQUIER,NICOLAS PERRET,6.0,4.0,2400,4YO+ HCP CL3,SOFT,OCAST,16
2025-02-25,CAGNES SUR MER,6,DREAM OF EMERAUDE,12,MAXIME FOULON,J VAN HANDENHOVE,101.0,,2400,4YO+ HCP CL3,SOFT,OCAST,16
2025-02-25,CAGNES SUR MER,6,BELHAD JELOIS,8,MICKAELLE MICHEL,JESS PARIZE,8.0,,2400,4YO+ HCP CL3,SOFT,OCAST,16
2025-02-25,CAGNES SUR MER,6,SYLVER SAMBA,10,MARVIN GRANDIN,STEPHANE LABATE,26.0,2.0,2400,4YO+ HCP CL3,SOFT,OCAST,16
2025-02-25,CAGNES SUR MER,6,ROOFOFTHEWORLD,16,JENTE MARIEN,P A KIRBY,101.0,,2400,4YO+ HCP CL3,SOFT,OCAST,16
2025-02-25,CAGNES SUR MER,6,DALIAPUR,4,BERTRAND FLANDRIN,GERALD GEISLER,7.0,1.0,2400,4YO+ HCP CL3,SOFT,OCAST,16
2025-02-25,CAGNES SUR MER,6,ROSISSIM,15,FRANCK FORESI,FRANCK FORESI,34.0,,2400,4YO+ HCP CL3,SOFT,OCAST,16
2025-02-25,CAGNES SUR MER,6,JONH FOR ALWAYS,2,THEO BACHELOT,JEROME ANDREU,51.0,,2400,4YO+ HCP CL3,SOFT,OCAST,16
2025-02-25,CAGNES SUR MER,6,SALSA DU DEMON,5,MARIE VELON,SEBASTIEN JESUS,41.0,,2400,4YO+ HCP CL3,SOFT,OCAST,16
2025-02-25,CAGNES SUR MER,6,DE QUEVEDO,11,DELPHINE SANTIAGO,CHRISTOPHE MARTINON,5.0,,2400,4YO+ HCP CL3,SOFT,OCAST,16
2025-02-25,CAGNES SUR MER,6,LE KAKOU,14,ANTHONY CRASTUS,FRANCK FORESI,51.0,,2400,4YO+ HCP CL3,SOFT,OCAST,16
2025-02-25,CAGNES SUR MER,6,COLE CHOP,1,BENJAMIN MARIE,RACHEL PHILIPPON,71.0,3.0,2400,4YO+ HCP CL3,SOFT,OCAST,16
2025-02-25,CAGNES SUR MER,7,IVORY SPRING,1,MARVIN GRANDIN,ELIAS MIKHALIDES,4.8,2.0,1300,4YO+ HCP CL3,SOFT,OCAST,15
2025-02-25,CAGNES SUR MER,7,SALALAH,13,CRISTIAN DEMURO,JEROME ANDREU,19.0,4.0,1300,4YO+ HCP CL3,SOFT,OCAST,15
2025-02-25,CAGNES SUR MER,7,HERA,12,ANTONIO ORANI,ELIAS MIKHALIDES,0.0,,1300,4YO+ HCP CL3,SOFT,OCAST,15
2025-02-25,CAGNES SUR MER,7,BROTHERS OF LILY'S,7,HUGO JOURNIAC,YANN BARBEROT,15.0,,1300,4YO+ HCP CL3,SOFT,OCAST,15
2025-02-25,CAGNES SUR MER,7,SPEZIAL,8,BENJAMIN MARIE,CYRIL TOLAINI,26.0,,1300,4YO+ HCP CL3,SOFT,OCAST,15
2025-02-25,CAGNES SUR MER,7,CIOTOLA,12,THEO BACHELOT,INGRID JANACKOVA KOPLIKOVA,15.0,,1300,4YO+ HCP CL3,SOFT,OCAST,15
2025-02-25,CAGNES SUR MER,7,WHISTLE AND FLUTE,11,AUGUSTIN MADAMET,PHILIPPE DECOUZ,9.0,,1300,4YO+ HCP CL3,SOFT,OCAST,15
2025-02-25,CAGNES SUR MER,7,VICTORY SALUTE,14,MAXIME GUYON,JEROME REYNIER,14.0,,1300,4YO+ HCP CL3,SOFT,OCAST,15
2025-02-25,CAGNES SUR MER,7,LOUBEISIEN,5,HUGO BESNIER,FABIAN X WEISSMEIER,101.0,,1300,4YO+ HCP CL3,SOFT,OCAST,15
2025-02-25,CAGNES SUR MER,7,LAMORNA COVE,2,EDDY HARDOUIN,CARLA O'HALLORAN,26.0,,1300,4YO+ HCP CL3,SOFT,OCAST,15
2025-02-25,CAGNES SUR MER,7,KIZMAMBO,6,MARIE VELON,PHILIPPE DECOUZ,2.8,1.0,1300,4YO+ HCP CL3,SOFT,OCAST,15
2025-02-25,CAGNES SUR MER,7,TILL WE DIE,3,ANTHONY CRASTUS,MAXIME CESANDRI,71.0,,1300,4YO+ HCP CL3,SOFT,OCAST,15
2025-02-25,CAGNES SUR MER,7,CHOP VAL,9,FRIDA VALLE SKAR,FRANCK FORESI,23.0,,1300,4YO+ HCP CL3,SOFT,OCAST,15
2025-02-25,CAGNES SUR MER,7,MONSIEURVALCHOP,4,DELPHINE SANTIAGO,JESS PARIZE,6.5,3.0,1300,4YO+ HCP CL3,SOFT,OCAST,15
2025-02-25,CAGNES SUR MER,7,VIVE LA REINE,10,MICKAELLE MICHEL,CHRISTOPHE ESCUDER,126.0,,1300,4YO+ HCP CL3,SOFT,OCAST,15
2025-02-25,CAGNES SUR MER,8,ATHINEOS,11,FRIDA VALLE SKAR,SEBASTIEN JESUS,0.0,,2400,4YO+ HCP CL3,SOFT,OCAST,16
2025-02-25,CAGNES SUR MER,8,MOZART DES BRIERES,7,CHRISTOPHE BILLARD,CHRISTOPHE ESCUDER,31.0,,2400,4YO+ HCP CL3,SOFT,OCAST,16
2025-02-25,CAGNES SUR MER,8,BARBADIN,4,CRISTIAN DEMURO,DIDIER & PAULINE PROD'HOMME,16.0,3.0,2400,4YO+ HCP CL3,SOFT,OCAST,16
2025-02-25,CAGNES SUR MER,8,SOUL OF FREEDOM,14,MICKAELLE MICHEL,JESS PARIZE,9.0,,2400,4YO+ HCP CL3,SOFT,OCAST,16
2025-02-25,CAGNES SUR MER,8,JOEY UP,15,MAXIME GUYON,NICOLAS CAULLERY,3.7,,2400,4YO+ HCP CL3,SOFT,OCAST,16
2025-02-25,CAGNES SUR MER,8,PURPLE MOOD,10,JENTE MARIEN,NICOLAS CAULLERY,101.0,,2400,4YO+ HCP CL3,SOFT,OCAST,16
2025-02-25,CAGNES SUR MER,8,MARTIAL ART,11,STEPHANE PASQUIER,DIDIER & PAULINE PROD'HOMME,6.0,4.0,2400,4YO+ HCP CL3,SOFT,OCAST,16
2025-02-25,CAGNES SUR MER,8,MARKER,13,THEO BACHELOT,PATRICE COTTIER,11.0,,2400,4YO+ HCP CL3,SOFT,OCAST,16
2025-02-25,CAGNES SUR MER,8,TIMBALLINA,6,ANTONIO ORANI,YOANN BONNEFOY,26.0,2.0,2400,4YO+ HCP CL3,SOFT,OCAST,16
2025-02-25,CAGNES SUR MER,8,LIGHTS COME ON,2,HUGO BOUTIN,REMI FRADET,26.0,,2400,4YO+ HCP CL3,SOFT,OCAST,16
2025-02-25,CAGNES SUR MER,8,PICNIC ROYAL,8,AUGUSTIN MADAMET,JEAN-CLAUDE SARAIS,34.0,,2400,4YO+ HCP CL3,SOFT,OCAST,16
2025-02-25,CAGNES SUR MER,8,ANTARES,1,HUGO BESNIER,PATRICE COTTIER,17.0,,2400,4YO+ HCP CL3,SOFT,OCAST,16
2025-02-25,CAGNES SUR MER,8,ZAMNESIA,3,BERTRAND FLANDRIN,GERALD GEISLER,6.0,1.0,2400,4YO+ HCP CL3,SOFT,OCAST,16
2025-02-25,CAGNES SUR MER,8,MAGNETIQUE,9,DELPHINE SANTIAGO,JESS PARIZE,10.0,,2400,4YO+ HCP CL3,SOFT,OCAST,16
2025-02-25,CAGNES SUR MER,8,GAMECHANGER,5,SYLVAIN RUIS,JEAN-CLAUDE SARAIS,23.0,,2400,4YO+ HCP CL3,SOFT,OCAST,16
2025-02-25,CAGNES SUR MER,8,GIFT OF THE G,12,ANTHONY CRASTUS,FRANCK FORESI,41.0,,2400,4YO+ HCP CL3,SOFT,OCAST,16
2025-02-25,WOLVERHAMPTON,1,AL BAAHY,7,J MITCHELL,K FROST,6.0,,1905,4YO+ HCP C6,AWT,OCAST,9
2025-02-25,WOLVERHAMPTON,1,WHITELEY WAY,8,GINA MANGAN,G BROWN,13.0,2.0,1905,4YO+ HCP C6,AWT,OCAST,9
2025-02-25,WOLVERHAMPTON,1,MY BROTHER MIKE,6,ROSSA RYAN,D LOUGHNANE,2.8,1.0,1905,4YO+ HCP C6,AWT,OCAST,9
2025-02-25,WOLVERHAMPTON,1,KHANGAI,5,HECTOR CROUCH,JAMES OWEN,4.2,4.0,1905,4YO+ HCP C6,AWT,OCAST,9
2025-02-25,WOLVERHAMPTON,1,SIMPLY RED,3,BEN ROBINSON,B ELLISON,41.0,,1905,4YO+ HCP C6,AWT,OCAST,9
2025-02-25,WOLVERHAMPTON,1,PORT NOIR,2,DAVID PROBERT,R STEPHENS,7.0,3.0,1905,4YO+ HCP C6,AWT,OCAST,9
2025-02-25,WOLVERHAMPTON,1,STAR OF JUPITER,1,BILLY LOUGHNANE,D M LOUGHNANE,9.0,,1905,4YO+ HCP C6,AWT,OCAST,9
2025-02-25,WOLVERHAMPTON,1,MYKONOS ST JOHN,9,TARYN LANGLEY,S DIXON,10.0,,1905,4YO+ HCP C6,AWT,OCAST,9
2025-02-25,WOLVERHAMPTON,1,TANCREDI,4,L MORRIS,P S MCENTEE,61.0,,1905,4YO+ HCP C6,AWT,OCAST,9
2025-02-25,WOLVERHAMPTON,2,HARLINGTON,3,TAYLOR FISHER,J TICKLE,2.7,4.0,1905,4YO+ HCP C6,AWT,OCAST,8
2025-02-25,WOLVERHAMPTON,2,FAZEN,5,D EGAN,J BUTLER,11.0,,1905,4YO+ HCP C6,AWT,OCAST,8
2025-02-25,WOLVERHAMPTON,2,POMERIGGIO,1,DAVID PROBERT,MRS N S EVANS,26.0,,1905,4YO+ HCP C6,AWT,OCAST,8
2025-02-25,WOLVERHAMPTON,2,OLYMPIC QUEST,2,K T O'NEILL,JOE PONTING,26.0,,1905,4YO+ HCP C6,AWT,OCAST,8
2025-02-25,WOLVERHAMPTON,2,BACK FROM DUBAI,6,LEWIS EDMUNDS,S R BOWRING,8.5,3.0,1905,4YO+ HCP C6,AWT,OCAST,8
2025-02-25,WOLVERHAMPTON,2,OPTICALITY,4,SEAN KIRRANE,TIM VAUGHAN,7.0,,1905,4YO+ HCP C6,AWT,OCAST,8
2025-02-25,WOLVERHAMPTON,2,CITY ESCAPE,8,BILLY LOUGHNANE,D M LOUGHNANE,5.5,1.0,1905,4YO+ HCP C6,AWT,OCAST,8
2025-02-25,WOLVERHAMPTON,2,COME ON JOHN,7,HECTOR CROUCH,JAMES OWEN,4.0,2.0,1905,4YO+ HCP C6,AWT,OCAST,8
